OUTPUT0_NAME,OUTPUT0_PID,OUTPUT0_AMOUNT,Разница,OUTPUT0_PID_COST,OUTPUT0_CALC_COST,OUTPUT1_NAME,OUTPUT1_PID,OUTPUT1_AMOUNT,OUTPUT1_PID_COST,OUTPUT1_CALC_COST,RES0_NAME,RES0_PID,RES0_AMOUNT,RES0_COST,RES1_NAME,RES1_PID,RES1_AMOUNT,RES1_COST,RES2_NAME,RES2_PID,RES2_AMOUNT,RES2_COST,RES3_NAME,RES3_PID,RES3_AMOUNT,RES3_COST,RES4_NAME,RES4_PID,RES4_AMOUNT,RES4_COST,RES5_NAME,RES5_PID,RES5_AMOUNT,RES5_COST,,,,,,,,
Кирпич,1480,1,106,106,1,,,,,,Глина,1467,1,1,,,,,,,,,,,,,,,,,,,,,,,,,,,,
Ступка,1818,1,30,60,2,,,,,,Бревна,286,1,2,,,,,,,,,,,,,,,,,,,,,,,,,,,,
Удочка,920,1,"27,71428571",194,7,,,,,,Заостренный Кол,320,1,2,Мусор,98,1,5,,,,,,,,,,,,,,,,,,,,,,,,
Бейсбольная бита,386,1,"24,54545455",2700,110,,,,,,Доска,1425,1,2,Растительное масло,806,2,54,,,,,,,,,,,,,,,,,,,,,,,,
Чайная ложка,22044,15,"16,66666667",250,225,,,,,,Стальная пластина,1477,1,225,,,,,,,,,,,,,,,,,,,,,,,,,,,,
Станок для снаряжения патронов,1780,1,"15,17325228",4992,329,,,,,,Лист железа,1473,1,74,Железяки,475,8,24,Пружина,15091,2,24,Мусор,98,3,5,,,,,,,,,,,,,,,,
Пугач,21030,1,"14,99145299",1754,117,,,,,,Оружейные детали,1735,1,105,Мусор,98,2,5,Доска,1425,1,2,,,,,,,,,,,,,,,,,,,,
Знак,1458,1,"14,66666667",264,18,,,,,,Доска,1425,3,2,Гвозди,1729,4,3,,,,,,,,,,,,,,,,,,,,,,,,
Броня из покрышек,20541,1,"13,07692308",1700,130,,,,,,Ткань,572,4,15,Нить,1325,6,5,Мусор,98,8,5,,,,,,,,,,,,,,,,,,,,
Самодельный лазерный пистолет,1520,1,"12,37222222",2227,180,,,,,,Оружейные детали,1735,1,105,Электронные детали,15090,4,15,Мусор,98,3,5,,,,,,,,,,,,,,,,,,,,
Крестик на цепочке,15034,1,"11,76470588",200,17,,,,,,Кусок веревки,534,1,15,Доска,1425,1,2,,,,,,,,,,,,,,,,,,,,,,,,
Крестик,15035,1,"11,76470588",200,17,,,,,,Кусок веревки,534,1,15,Доска,1425,1,2,,,,,,,,,,,,,,,,,,,,,,,,
"Дробовик ""Дикарь""",20018,1,"11,13360324",2750,247,,,,,,Оружейные детали,1735,1,105,Деревянные заготовки,22082,1,58,Мусор,98,2,5,Труба,538,1,74,,,,,,,,,,,,,,,,
Столовая ложка,22043,10,"11,11111111",250,225,,,,,,Стальная пластина,1477,1,225,,,,,,,,,,,,,,,,,,,,,,,,,,,,
Леска,922,1,"10,4",52,5,,,,,,Мусор,98,1,5,,,,,,,,,,,,,,,,,,,,,,,,,,,,
Металлическая маска,3967,1,"10,05025126",2000,199,,,,,,Кусок кожи,1512,1,29,Железяки,475,4,24,Лист железа,1473,1,74,,,,,,,,,,,,,,,,,,,,
Дротики,1438,20,10,1,2,,,,,,Доска,1425,1,2,,,,,,,,,,,,,,,,,,,,,,,,,,,,
Дубинка,5,1,10,20,2,,,,,,Доска,1425,1,2,,,,,,,,,,,,,,,,,,,,,,,,,,,,
Барабанная пушка,1415,1,"9,986910995",3815,382,,,,,,Оружейные детали,1735,2,105,Железяки,475,4,24,Доска,1425,1,2,Труба,538,1,74,,,,,,,,,,,,,,,,
Заостренный Кол,320,1,"9,5",19,2,,,,,,Доска,1425,1,2,,,,,,,,,,,,,,,,,,,,,,,,,,,,
Племенная одежда,20573,1,"9,090909091",1000,110,,,,,,Ткань,572,6,15,Нить,1325,4,5,,,,,,,,,,,,,,,,,,,,,,,,
Пулемет М60,387,1,"8,835758836",8500,962,,,,,,Детали для больших пушек,1517,1,198,Оружейные детали,1735,4,105,Детали для автомата,22083,1,344,,,,,,,,,,,,,,,,,,,,
Самодельный дробовик,20125,1,"8,73015873",2750,315,,,,,,Оружейные детали,1735,1,105,Труба,538,1,74,Деревянные заготовки,22082,2,58,Мусор,98,4,5,,,,,,,,,,,,,,,,
Сумка,46,1,"8,485714286",297,35,,,,,,Пустой мешок,587,1,20,Веревка,127,1,15,,,,,,,,,,,,,,,,,,,,,,,,
МГ73,21003,1,"7,897111913",8750,1108,,,,,,Детали для больших пушек,1517,1,198,Оружейные детали,1735,4,105,Лист цветмета,15086,4,110,Мусор,98,10,5,,,,,,,,,,,,,,,,
Снайперская винтовка М21,1596,1,"7,773364486",6654,856,,,,,,Винтовка M14,1595,1,426,Оружейные детали,1735,1,105,Оптический прицел,22036,1,277,Железяки,475,2,24,,,,,,,,,,,,,,,,
AK-112 б. маг. опт.,14005,1,"7,507246377",12950,1725,,,,,,AK-112 б. маг.,14002,1,1400,Оптический прицел,22036,1,277,Железяки,475,2,24,,,,,,,,,,,,,,,,,,,,
AK-112 ув. маг. опт.,14004,1,"7,290585619",9835,1349,,,,,,АК-112 ув. маг.,405,1,1024,Оптический прицел,22036,1,277,Железяки,475,2,24,,,,,,,,,,,,,,,,,,,,
Ножницы,597,1,"7,125",171,24,,,,,,Железяки,475,1,24,,,,,,,,,,,,,,,,,,,,,,,,,,,,
Дробитель,20027,1,"7,115749526",3750,527,,,,,,Доска,1425,1,2,Стальная пластина,1477,1,225,Стальные заготовки,1475,4,75,,,,,,,,,,,,,,,,,,,,
AK-112 с оптикой,14003,1,"7,021004566",7688,1095,,,,,,АК-112,23,1,770,Оптический прицел,22036,1,277,Железяки,475,2,24,,,,,,,,,,,,,,,,,,,,
Растительное масло,806,1,"6,944444444",375,54,,,,,,Кукуруза,1626,3,10,Пузырек,22045,1,24,,,,,,,,,,,,,,,,,,,,,,,,
Винтовка M14,1595,1,"6,69416499",6654,994,,,,,,Детали для винтовки,22080,1,188,Оружейные детали,1735,3,105,Стальные заготовки,1475,5,75,Деревянные заготовки,22082,2,58,,,,,,,,,,,,,,,,
Металлический шлем,3966,1,"6,688963211",2000,299,,,,,,Шлем авиатора,3969,1,107,Лист железа,1473,2,74,Кусок кожи,1512,1,29,Нить,1325,3,5,,,,,,,,,,,,,,,,
ПП 0.22,21029,1,"6,608156028",3727,564,,,,,,Детали для пистолета,22077,1,114,Оружейные детали,1735,3,105,Железяки,475,5,24,Мусор,98,3,5,,,,,,,,,,,,,,,,
"Пистолет ""Рейдер""",20086,1,"6,589785832",4000,607,,,,,,Детали для пистолета,22077,1,114,Оружейные детали,1735,2,105,Стальные заготовки,1475,3,75,Деревянные заготовки,22082,1,58,,,,,,,,,,,,,,,,
Крупнокалиберный револьвер,21027,1,"6,380510441",5500,862,,,,,,Детали для пистолета,22077,1,114,Оружейные детали,1735,3,105,Стальные заготовки,1475,5,75,Деревянные заготовки,22082,1,58,,,,,,,,,,,,,,,,
Крупнокалиберный револьвер,21027,1,"6,380510441",5500,862,,,,,,Детали для пистолета,22077,1,114,Оружейные детали,1735,3,105,Стальные заготовки,1475,5,75,Деревянные заготовки,22082,1,58,,,,,,,,,,,,,,,,
Окурок,1412,1,"6,375838926",950,149,,,,,,Оружейные детали,1735,1,105,Короткая труба,1681,1,37,Доска,1425,1,2,Мусор,98,1,5,,,,,,,,,,,,,,,,
АК-112 ув. маг.,405,1,"6,292993631",6916,1099,,,,,,АК-112,23,1,770,Оружейные детали,1735,1,105,Лист железа,1473,1,74,Стальные заготовки,1475,2,75,,,,,,,,,,,,,,,,
Армированная кожаная куртка,1033,1,"6,25",5000,800,,,,,,Боевая кожаная куртка,265,1,262,Кусок кожи,1512,2,29,Стальная пластина,1477,2,225,Нить,1325,6,5,,,,,,,,,,,,,,,,
Рейдерская пушка,20199,1,"6,181957187",4043,654,,,,,,Детали для винтовки,22080,1,188,Оружейные детали,1735,2,105,Деревянные заготовки,22082,1,58,Детали для больших пушек,1517,1,198,,,,,,,,,,,,,,,,
Мультитул,75,1,"6,086206897",353,58,,,,,,Железяки,475,2,24,Мусор,98,2,5,,,,,,,,,,,,,,,,,,,,,,,,
Веревка,127,1,"6,066666667",182,30,,,,,,Кусок веревки,534,2,15,,,,,,,,,,,,,,,,,,,,,,,,,,,,
Большой набор отмычек,410,1,"6,041198502",3226,534,,,,,,Отмычки,84,1,128,Стальные заготовки,1475,4,75,Железяки,475,2,24,Кусок кожи,1512,2,29,,,,,,,,,,,,,,,,
Плотная кожаная куртка,20592,1,"5,725806452",1420,248,,,,,,Кожаная куртка,74,1,194,Кусок кожи,1512,1,29,Нить,1325,4,5,Мусор,98,1,5,,,,,,,,,,,,,,,,
Химические трубки,22009,1,"5,594936709",442,79,,,,,,Пузырек,22045,3,24,Доска,1425,1,2,Мусор,98,1,5,,,,,,,,,,,,,,,,,,,,
9мм Маузер,122,1,"5,551369863",1621,292,,,,,,Детали для пистолета,22077,1,114,Оружейные детали,1735,1,105,Деревянные заготовки,22082,1,58,Мусор,98,3,5,,,,,,,,,,,,,,,,
"Винтовка ""Защитник""",20115,1,"5,533199195",5500,994,,,,,,Детали для винтовки,22080,1,188,Оружейные детали,1735,3,105,Стальные заготовки,1475,5,75,Деревянные заготовки,22082,2,58,,,,,,,,,,,,,,,,
Шипомет,14032,1,"5,495726496",643,117,,,,,,Оружейные детали,1735,1,105,Мусор,98,2,5,Доска,1425,1,2,,,,,,,,,,,,,,,,,,,,
Селитра,1781,1,"5,45",436,80,,,,,,Отходы,1599,3,1,Химикаты,574,1,77,Минеральная пыль,22066,1,0,,,,,,,,,,,,,,,,,,,,
Примитивная кувалда,21015,1,"5,263157895",100,19,,,,,,Доска,1425,1,2,Ткань,572,1,15,Бревна,286,1,2,,,,,,,,,,,,,,,,,,,,
AK-112 б. маг.,14002,1,"5,253164557",8300,1580,,,,,,АК-112,23,1,770,Оружейные детали,1735,2,105,Полимерные пластины,1776,1,450,Стальные заготовки,1475,2,75,,,,,,,,,,,,,,,,
"Ружье ""Моссберг 590""",20124,1,"5,248091603",2750,524,,,,,,Детали дробовика,22078,1,188,Оружейные детали,1735,2,105,Железяки,475,4,24,Мусор,98,6,5,,,,,,,,,,,,,,,,
Газовый револьвер,20091,1,"5,241666667",629,120,,,,,,Оружейные детали,1735,1,105,Мусор,98,3,5,,,,,,,,,,,,,,,,,,,,,,,,
Путы,1413,1,"5,222222222",94,18,,,,,,Веревка,127,1,15,Камень,19,3,1,,,,,,,,,,,,,,,,,,,,,,,,
Самодельный автомат,1422,1,"5,219858156",1472,282,,,,,,Оружейные детали,1735,1,105,Труба,538,1,74,Железяки,475,4,24,Доска,1425,1,2,Мусор,98,1,5,,,,,,,,,,,,
Кольт 6520,8,1,"5,157534247",1506,292,,,,,,Детали для пистолета,22077,1,114,Оружейные детали,1735,1,105,Деревянные заготовки,22082,1,58,Мусор,98,3,5,,,,,,,,,,,,,,,,
Отмычки,84,1,"5,154185022",1170,227,,,,,,Простенькая отмычка,1712,2,24,Стальные заготовки,1475,2,75,Кусок кожи,1512,1,29,,,,,,,,,,,,,,,,,,,,
Самодельный лазерный пистолет мк2,1521,1,"5,144067797",4249,826,,,,,,Самодельный лазерный пистолет,1520,1,135,Линза,1486,2,68,Стальные заготовки,1475,2,75,Охладительный элемент,1504,1,405,,,,,,,,,,,,,,,,
Сигнальный пистолет,1037,1,"5,016835017",1490,297,,,,,,Детали для пистолета,22077,1,114,Оружейные детали,1735,1,105,Деревянные заготовки,22082,1,58,Мусор,98,4,5,,,,,,,,,,,,,,,,
Племенное ожерелье,22005,1,5,100,20,,,,,,Кусок веревки,534,1,15,Клык,1496,5,1,,,,,,,,,,,,,,,,,,,,,,,,
Бумеранг,1411,1,5,10,2,,,,,,Доска,1425,1,2,,,,,,,,,,,,,,,,,,,,,,,,,,,,
"Дробовик ""Волдырь""",20123,1,"4,937163375",2750,557,,,,,,Оружейные детали,1735,3,105,Деревянные заготовки,22082,2,58,Железяки,475,4,24,Мусор,98,6,5,,,,,,,,,,,,,,,,
Двуствольный пистолет,1405,1,"4,881944444",703,144,,,,,,Оружейные детали,1735,1,105,Короткая труба,1681,1,37,Доска,1425,1,2,,,,,,,,,,,,,,,,,,,,
Пистолет-пулемет 9 мм,20012,1,"4,870927318",3887,798,,,,,,Детали для пистолета,22077,1,114,Оружейные детали,1735,3,105,Детали для автомата,22083,1,344,Мусор,98,5,5,,,,,,,,,,,,,,,,
Китайский автомат,20101,1,"4,864035088",6654,1368,,,,,,Детали для винтовки,22080,1,188,Оружейные детали,1735,4,105,Детали для автомата,22083,1,344,Стальные заготовки,1475,4,75,Деревянные заготовки,22082,2,58,,,,,,,,,,,,
Китайский автомат,20101,1,"4,864035088",6654,1368,,,,,,Детали для винтовки,22080,1,188,Оружейные детали,1735,4,105,Детали для автомата,22083,1,344,Стальные заготовки,1475,4,75,Деревянные заготовки,22082,2,58,,,,,,,,,,,,
Самодельный револьвер,1406,1,"4,850393701",616,127,,,,,,Оружейные детали,1735,1,105,Мусор,98,4,5,Доска,1425,1,2,,,,,,,,,,,,,,,,,,,,
Дезерт Игл,18,1,"4,807901907",3529,734,,,,,,Детали для пистолета,22077,1,114,Оружейные детали,1735,2,105,Стальные заготовки,1475,4,75,Лист цветмета,15086,1,110,,,,,,,,,,,,,,,,
Огнеупорная одежда,1565,1,"4,633027523",1515,327,,,,,,Кожаная куртка,74,1,194,Нить,1325,10,5,Кусок кожи,1512,2,29,Мусор,98,5,5,,,,,,,,,,,,,,,,
Пулемет M2041,20019,1,"4,625121714",4750,1027,,,,,,Детали для больших пушек,1517,1,198,Оружейные детали,1735,6,105,Деревянные заготовки,22082,3,58,Мусор,98,5,5,,,,,,,,,,,,,,,,
Усовершенствованный огнемет,400,1,"4,599816007",5000,1087,,,,,,Огнемет,11,1,347,Стальные заготовки,1475,4,75,Лист цветмета,15086,4,110,,,,,,,,,,,,,,,,,,,,
Арбалет,1234,1,"4,593639576",1300,283,,,,,,Оружейные детали,1735,1,105,Железяки,475,4,24,Деревянные заготовки,22082,1,58,Пружина,15091,1,24,,,,,,,,,,,,,,,,
Мендоза C-2075,21035,1,"4,576976422",6600,1442,,,,,,Детали для больших пушек,1517,1,198,Оружейные детали,1735,6,105,Детали для автомата,22083,1,344,Лист цветмета,15086,2,110,Мусор,98,10,5,,,,,,,,,,,,
Полицейский Револьвер 0.44,21026,1,"4,567708333",1754,384,,,,,,Детали для пистолета,22077,1,114,Оружейные детали,1735,1,105,Стальные заготовки,1475,2,75,Мусор,98,3,5,,,,,,,,,,,,,,,,
Дырокол,1403,1,"4,5546875",1166,256,,,,,,Оружейные детали,1735,1,105,Труба,538,1,74,Железяки,475,3,24,Мусор,98,1,5,,,,,,,,,,,,,,,,
"Дробовик ""Итака 37""",20126,1,"4,508196721",2750,610,,,,,,Детали дробовика,22078,1,188,Оружейные детали,1735,2,105,Деревянные заготовки,22082,2,58,Железяки,475,4,24,,,,,,,,,,,,,,,,
ПП МП5,20107,1,"4,50174216",5168,1148,,,,,,Детали для пистолета,22077,1,114,Оружейные детали,1735,3,105,Детали для автомата,22083,1,344,Стальные заготовки,1475,5,75,,,,,,,,,,,,,,,,
Бумаги,58,1,"4,5",9,2,,,,,,Доска,1425,1,2,,,,,,,,,,,,,,,,,,,,,,,,,,,,
"Винтовка ""Либератор"" М2",20122,1,"4,498714653",3500,778,,,,,,"Винтовка ""Либератор""",20121,1,628,Стальные заготовки,1475,2,75,,,,,,,,,,,,,,,,,,,,,,,,
Ультрапротивоядие,20500,2,"4,467353952",650,291,,,,,,Игла,1326,2,24,Противоядие,49,1,82,Органические реагенты,1812,1,124,Вода,1627,1,37,,,,,,,,,,,,,,,,
Револьвер Магнум 0.44,313,1,"4,41813602",1754,397,,,,,,Детали для пистолета,22077,1,114,Оружейные детали,1735,2,105,Деревянные заготовки,22082,1,58,Мусор,98,3,5,,,,,,,,,,,,,,,,
Ручная пушка,1034,1,"4,360465116",1500,344,,,,,,Детали для пистолета,22077,1,114,Оружейные детали,1735,2,105,Мусор,98,4,5,,,,,,,,,,,,,,,,,,,,
Револьверная винтовка,1408,1,"4,319148936",812,188,,,,,,Оружейные детали,1735,1,105,Труба,538,1,74,Доска,1425,2,2,Мусор,98,1,5,,,,,,,,,,,,,,,,
Курительная трубка,22012,1,"4,310344828",250,58,,,,,,Деревянные заготовки,22082,1,58,,,,,,,,,,,,,,,,,,,,,,,,,,,,
Паяльная станция,1700,1,"4,275862069",868,203,,,,,,Мусор,98,3,5,Железяки,475,2,24,Лист цветмета,15086,1,110,Электронные детали,15090,2,15,,,,,,,,,,,,,,,,
Геккобой,1409,1,"4,236641221",1110,262,,,,,,Оружейные детали,1735,1,105,Труба,538,2,74,Доска,1425,2,2,Мусор,98,1,5,,,,,,,,,,,,,,,,
"Дробовик ""Отбойник""",20127,1,"4,204892966",2750,654,,,,,,Детали дробовика,22078,1,188,Оружейные детали,1735,2,105,Деревянные заготовки,22082,1,58,Детали для больших пушек,1517,1,198,,,,,,,,,,,,,,,,
Двойка,3984,1,"4,178294574",1078,258,,,,,,Оружейные детали,1735,1,105,Труба,538,1,74,Железяки,475,3,24,Доска,1425,1,2,Мусор,98,1,5,,,,,,,,,,,,
Легкий пулемет поддержки,355,1,"4,102699841",7750,1889,,,,,,Детали для больших пушек,1517,1,198,Оружейные детали,1735,6,105,Детали для автомата,22083,1,344,Лист цветмета,15086,4,110,Оптический прицел,22036,1,277,,,,,,,,,,,,
"Винтовка ""Сафари""",20117,1,"4,081632653",2200,539,,,,,,Детали для винтовки,22080,1,188,Оружейные детали,1735,2,105,Деревянные заготовки,22082,2,58,Мусор,98,5,5,,,,,,,,,,,,,,,,
Охотничье ружье с прицелом,287,1,"4,047756874",2797,691,,,,,,Охотничье ружье,10,1,366,Оптический прицел,22036,1,277,Железяки,475,2,24,,,,,,,,,,,,,,,,,,,,
Охотничья винтовка с прицелом,21033,1,"4,047756874",2797,691,,,,,,Охотничья винтовка,20004,1,366,Оптический прицел,22036,1,277,Железяки,475,2,24,,,,,,,,,,,,,,,,,,,,
Боевая безрукавка,20579,1,"4,016064257",1000,249,,,,,,Кожаная куртка,74,1,194,Нить,1325,4,5,Ткань,572,2,15,Мусор,98,1,5,,,,,,,,,,,,,,,,
Автомат Стерлинга,14016,1,"4,010025063",3200,798,,,,,,Детали для пистолета,22077,1,114,Оружейные детали,1735,3,105,Детали для автомата,22083,1,344,Мусор,98,5,5,,,,,,,,,,,,,,,,
Оружейные детали,1735,1,"3,97740113",704,177,,,,,,Железяки,475,4,24,Мусор,98,4,5,Короткая труба,1681,1,37,Пружина,15091,1,24,,,,,,,,,,,,,,,,
Снайперская винтовка,143,1,"3,88121118",4999,1288,,,,,,Детали для винтовки,22080,1,188,Оружейные детали,1735,3,105,Оптический прицел,22036,1,277,Стальные заготовки,1475,6,75,Деревянные заготовки,22082,1,58,,,,,,,,,,,,
Вакидзаси,522,1,"3,856041131",1500,389,,,,,,Деревянные заготовки,22082,1,58,Стальная пластина,1477,1,225,Химикаты,574,1,77,Кусок кожи,1512,1,29,,,,,,,,,,,,,,,,
Обрез,385,1,"3,844357977",988,257,,,,,,Дробовик,94,1,257,,,,,,,,,,,,,,,,,,,,,,,,,,,,
АК-112,23,1,"3,841374269",5255,1368,,,,,,Детали для винтовки,22080,1,188,Оружейные детали,1735,4,105,Детали для автомата,22083,1,344,Стальные заготовки,1475,4,75,Деревянные заготовки,22082,2,58,,,,,,,,,,,,
Плетка,14028,1,"3,825242718",394,103,,,,,,Кусок кожи,1512,2,29,Ткань,572,3,15,,,,,,,,,,,,,,,,,,,,,,,,
Примитивный молоток,14030,1,"3,823529412",65,17,,,,,,Доска,1425,1,2,Ткань,572,1,15,,,,,,,,,,,,,,,,,,,,,,,,
Картридж для инъектора,361,20,"3,759398496",50,266,,,,,,Гильза,1782,20,3,Лист цветмета,15086,1,110,Железяки,475,4,24,,,,,,,,,,,,,,,,,,,,
FN FAL,351,1,"3,725643897",6654,1786,,,,,,Детали для винтовки,22080,1,188,Оружейные детали,1735,6,105,Детали для автомата,22083,1,344,Стальные заготовки,1475,6,75,Деревянные заготовки,22082,3,58,,,,,,,,,,,,
Детали для автомата,22083,1,"3,708265802",2288,617,,,,,,Мусор,98,5,5,Стальные заготовки,1475,4,75,Пружина,15091,3,24,Техническое масло,412,1,220,,,,,,,,,,,,,,,,
Огнемет,11,1,"3,667481663",3000,818,,,,,,Детали для больших пушек,1517,2,198,Оружейные детали,1735,2,105,Железяки,475,8,24,Мусор,98,4,5,,,,,,,,,,,,,,,,
Копьемет,1427,1,"3,647058824",434,119,,,,,,Оружейные детали,1735,1,105,Мусор,98,2,5,Доска,1425,2,2,,,,,,,,,,,,,,,,,,,,
Помповый дробовик,20008,1,"3,576072822",2750,769,,,,,,Детали дробовика,22078,1,188,Оружейные детали,1735,3,105,Деревянные заготовки,22082,2,58,Стальные заготовки,1475,2,75,,,,,,,,,,,,,,,,
Кольчуга племенного разведчика,20558,1,"3,5591133",1445,406,,,,,,Кожаная броня,1,1,252,Стальная цепь,1420,4,24,Кусок кожи,1512,2,29,,,,,,,,,,,,,,,,,,,,
Кольт 1911,591,1,"3,493723849",1670,478,,,,,,Детали для пистолета,22077,1,114,Оружейные детали,1735,2,105,Железяки,475,4,24,Деревянные заготовки,22082,1,58,,,,,,,,,,,,,,,,
Боевая кожаная куртка,265,1,"3,484320557",1000,287,,,,,,Кожаная куртка,74,1,194,Кусок кожи,1512,2,29,Нить,1325,6,5,Мусор,98,1,5,,,,,,,,,,,,,,,,
"Револьвер ""Кольт Анаконда"" 0.45",1040,1,"3,462406015",1842,532,,,,,,Детали для пистолета,22077,1,114,Оружейные детали,1735,2,105,Деревянные заготовки,22082,1,58,Стальные заготовки,1475,2,75,,,,,,,,,,,,,,,,
Лазерное ружье самодельное,600,1,"3,44589938",5000,1451,,,,,,Детали для винтовки,22080,1,188,Самодельный конденсатор,422,1,303,Стальные заготовки,1475,2,75,Охладительный элемент,1504,2,405,,,,,,,,,,,,,,,,
Мешок с песком,580,1,"3,434782609",79,23,,,,,,Пустой мешок,587,1,20,Песок,1483,3,1,,,,,,,,,,,,,,,,,,,,,,,,
Охотничье ружье,10,1,"3,423440454",1811,529,,,,,,Детали для винтовки,22080,1,188,Оружейные детали,1735,2,105,Деревянные заготовки,22082,2,58,Мусор,98,3,5,,,,,,,,,,,,,,,,
Капкан,19901,1,"3,416666667",410,120,,,,,,Пружина,15091,1,24,Железяки,475,4,24,,,,,,,,,,,,,,,,,,,,,,,,
Четырехстволка,3983,1,"3,414634146",1400,410,,,,,,Оружейные детали,1735,1,105,Труба,538,4,74,Доска,1425,2,2,Мусор,98,1,5,,,,,,,,,,,,,,,,
Четырехстволка,3983,1,"3,414634146",1400,410,,,,,,Оружейные детали,1735,1,105,Труба,538,4,74,Доска,1425,2,2,Мусор,98,1,5,,,,,,,,,,,,,,,,
Дробовик Ремингтон 870,1039,1,"3,395577396",2764,814,,,,,,Детали дробовика,22078,1,188,Оружейные детали,1735,2,105,Деревянные заготовки,22082,2,58,Стальные заготовки,1475,4,75,,,,,,,,,,,,,,,,
ПП ХК MП9,9,1,"3,307950728",2954,893,,,,,,Детали для пистолета,22077,1,114,Оружейные детали,1735,3,105,Детали для автомата,22083,1,344,Железяки,475,5,24,,,,,,,,,,,,,,,,
"ПП М3А1 ""Гриз Ган""",332,1,"3,295313882",3727,1131,,,,,,Детали для пистолета,22077,1,114,Оружейные детали,1735,3,105,Детали для автомата,22083,1,344,Стальные заготовки,1475,4,75,Деревянные заготовки,22082,1,58,,,,,,,,,,,,
Самопальное ружье,299,1,"3,26744186",281,86,,,,,,Мусор,98,2,5,Доска,1425,1,2,Труба,538,1,74,,,,,,,,,,,,,,,,,,,,
Химнабор,17010,1,"3,254025045",1819,559,,,,,,Штатив с трубками,22010,1,108,Деревянные заготовки,22082,2,58,Стальные заготовки,1475,3,75,Лист цветмета,15086,1,110,,,,,,,,,,,,,,,,
Боевой стимулятор,20505,1,"3,25203252",400,123,,,,,,Брюшко Муравья,22094,3,10,Мухомор,1564,2,15,Пустой шприц,318,1,26,Вода,1627,1,37,,,,,,,,,,,,,,,,
Миниган,12,1,"3,250641574",3800,1169,,,,,,Оружейные детали,1735,4,105,Детали для больших пушек,1517,3,198,Электронные детали,15090,4,15,Энергоячейка,38,5,19,,,,,,,,,,,,,,,,
Самопальный пистолет,300,1,"3,224489796",158,49,,,,,,Мусор,98,2,5,Доска,1425,1,2,Короткая труба,1681,1,37,,,,,,,,,,,,,,,,,,,,
"Винтовка ""Либератор""",20121,1,"3,160556258",2500,791,,,,,,Детали для винтовки,22080,1,188,Оружейные детали,1735,2,105,Деревянные заготовки,22082,2,58,Оптический прицел,22036,1,277,,,,,,,,,,,,,,,,
Ожерелье,1501,1,"3,1",62,20,,,,,,Кусок веревки,534,1,15,Клык,1496,5,1,,,,,,,,,,,,,,,,,,,,,,,,
Выкидной нож,319,1,"3,075949367",243,79,,,,,,Железяки,475,2,24,Доска,1425,1,2,Мусор,98,1,5,Пружина,15091,1,24,,,,,,,,,,,,,,,,
Кольт 6520 с фонариком,20059,1,"3,024096386",1506,498,,,,,,Кольт 6520,8,1,292,Фонарик,1759,1,158,Железяки,475,2,24,,,,,,,,,,,,,,,,,,,,
Томмиган,283,1,"2,981725146",4079,1368,,,,,,Детали для винтовки,22080,1,188,Оружейные детали,1735,4,105,Детали для автомата,22083,1,344,Стальные заготовки,1475,4,75,Деревянные заготовки,22082,2,58,,,,,,,,,,,,
Боевой дробовик,242,1,"2,980650155",3851,1292,,,,,,Детали дробовика,22078,1,188,Оружейные детали,1735,4,105,Детали для автомата,22083,1,344,Стальные заготовки,1475,4,75,Мусор,98,8,5,,,,,,,,,,,,
Дробовик,94,1,"2,938073394",1281,436,,,,,,Оружейные детали,1735,2,105,Деревянные заготовки,22082,1,58,Мусор,98,4,5,Труба,538,2,74,,,,,,,,,,,,,,,,
Кожаная броня МК2,379,1,"2,909836066",1420,488,,,,,,Кожаная броня,1,1,252,Кусок кожи,1512,2,29,Лист железа,1473,2,74,Нить,1325,6,5,,,,,,,,,,,,,,,,
Крепкие путы,1414,1,"2,9",174,60,,,,,,Стальная цепь,1420,1,24,Железный брус,1474,1,36,,,,,,,,,,,,,,,,,,,,,,,,
Тяжелый копьемет,1428,1,"2,888086643",800,277,,,,,,Оружейные детали,1735,1,105,Железяки,475,4,24,Доска,1425,1,2,Труба,538,1,74,,,,,,,,,,,,,,,,
Электрокнут,160,1,"2,834710744",2058,726,,,,,,Доска,1425,1,2,Моток медной проволоки,15087,2,62,Примитивная плата,55,1,125,Стальные заготовки,1475,6,75,Мусор,98,5,5,,,,,,,,,,,,
Кастет,21,1,"2,818181818",31,11,,,,,,Мусор,98,2,5,Песок,1483,1,1,,,,,,,,,,,,,,,,,,,,,,,,
Дубинка с лезвиями,1421,1,"2,818181818",62,22,,,,,,Доска,1425,1,2,Ткань,572,1,15,Примитивный нож,1418,1,5,,,,,,,,,,,,,,,,,,,,
Мотоциклетные очки,1398,1,"2,71659919",671,247,,,,,,Мусор,98,2,5,Линза,1486,2,68,Железяки,475,3,24,Кусок кожи,1512,1,29,,,,,,,,,,,,,,,,
Металлическая броня,2,1,"2,688131313",2129,792,,,,,,Кожаная броня,1,1,252,Лист железа,1473,6,74,Железяки,475,4,24,,,,,,,,,,,,,,,,,,,,
Оптический прицел,22036,1,"2,661016949",1099,413,,,,,,Лист цветмета,15086,1,110,Труба,538,1,74,Линза,1486,3,68,Мусор,98,5,5,,,,,,,,,,,,,,,,
Кувалда,6,1,"2,625",126,48,,,,,,Доска,1425,1,2,Мусор,98,2,5,Железный брус,1474,1,36,,,,,,,,,,,,,,,,,,,,
"Миниган ""Мститель""",389,1,"2,573701451",5500,2137,,,,,,Миниган,12,1,337,Стальные заготовки,1475,6,75,Полимерные пластины,1776,3,450,,,,,,,,,,,,,,,,,,,,
Навесной замок,1317,1,"2,56741573",457,178,,,,,,Железяки,475,6,24,Мусор,98,2,5,Пружина,15091,1,24,,,,,,,,,,,,,,,,,,,,
Пистолет-пулемет UMP,14018,1,"2,546946815",3879,1523,,,,,,Детали для пистолета,22077,1,114,Оружейные детали,1735,3,105,Детали для автомата,22083,1,344,Стальные заготовки,1475,4,75,Полимерные пластины,1776,1,450,,,,,,,,,,,,
Зажигалка,101,1,"2,5",170,68,,,,,,Железяки,475,2,24,Мусор,98,2,5,Кремень,278,1,10,,,,,,,,,,,,,,,,,,,,
Беретта 92,14020,1,"2,457002457",1000,407,,,,,,Детали для пистолета,22077,1,114,Оружейные детали,1735,2,105,Деревянные заготовки,22082,1,58,Мусор,98,5,5,,,,,,,,,,,,,,,,
Медицинская шина,1324,1,"2,454545455",54,22,,,,,,Мусор,98,1,5,Кусок веревки,534,1,15,Доска,1425,1,2,,,,,,,,,,,,,,,,,,,,
Кирка,1500,1,"2,444444444",198,81,,,,,,Доска,1425,1,2,Мусор,98,1,5,Лист железа,1473,1,74,,,,,,,,,,,,,,,,,,,,
Боевая винтовка,21034,1,"2,441914498",5255,2152,,,,,,Детали для винтовки,22080,1,188,Оружейные детали,1735,4,105,Детали для автомата,22083,1,344,Стальные заготовки,1475,4,75,Полимерные пластины,1776,2,450,,,,,,,,,,,,
"M249 ""Raven""",21002,1,"2,427944862",7750,3192,,,,,,Детали для больших пушек,1517,1,198,Оружейные детали,1735,6,105,Детали для автомата,22083,1,344,Лист цветмета,15086,2,110,Полимерные пластины,1776,4,450,,,,,,,,,,,,
Полицейский Револьвер 0.45,14019,1,"2,407002188",1100,457,,,,,,Детали для пистолета,22077,1,114,Оружейные детали,1735,2,105,Деревянные заготовки,22082,1,58,Стальные заготовки,1475,1,75,,,,,,,,,,,,,,,,
Моток медной проволоки,15087,2,"2,4",150,125,,,,,,Лист цветмета,15086,1,110,Электронные детали,15090,1,15,,,,,,,,,,,,,,,,,,,,,,,,
Шахтёрский шлем,21043,1,"2,395209581",1200,501,,,,,,Строительная каска,15098,1,285,Фонарик,1759,1,158,Мусор,98,2,5,Железяки,475,2,24,,,,,,,,,,,,,,,,
Пузырек,22045,2,"2,333333333",56,48,,,,,,Стекло,1485,1,48,,,,,,,,,,,,,,,,,,,,,,,,,,,,
Дымовая шашка,20153,3,"2,331606218",150,193,,,,,,Порох,535,1,79,Селитра,1781,1,81,Металлическая банка,1509,3,11,,,,,,,,,,,,,,,,,,,,
Аспирин,18027,1,"2,319587629",450,194,,,,,,Геккогриб,18002,2,15,Таблетки кальция,18032,1,87,Химикаты,574,1,77,,,,,,,,,,,,,,,,,,,,
Вуду,595,1,"2,298850575",200,87,,,,,,Вода,1627,1,37,Пейотль,18017,1,25,Брюшко Муравья,22094,1,10,Грибы,1436,1,15,,,,,,,,,,,,,,,,
Ваттс 2000,118,1,"2,231146809",5000,2241,,,,,,Детали для винтовки,22080,1,188,Оружейные детали,1735,3,105,Линза,1486,6,68,Охладительный элемент,1504,2,405,Стальные заготовки,1475,4,75,Лист цветмета,15086,2,110,,,,,,,,
Пружина,15091,3,"2,148648649",53,74,,,,,,Лист железа,1473,1,74,,,,,,,,,,,,,,,,,,,,,,,,,,,,
Настойка от радиации,20529,1,"2,086092715",315,151,Бутылка,542,1,1,48,Плод радцвета.,1603,3,10,Вода,1627,1,37,Самогон,469,1,50,Корень Зандер,272,2,5,Игла,1326,1,24,,,,,,,,,,,,
Мачете,20052,1,"2,083333333",200,96,,,,,,Лист железа,1473,1,74,Доска,1425,1,2,Мусор,98,2,5,Кремень,278,1,10,,,,,,,,,,,,,,,,
"Револьвер ""Детектив""",20072,1,"2,083333333",800,384,,,,,,Детали для пистолета,22077,1,114,Оружейные детали,1735,1,105,Стальные заготовки,1475,2,75,Мусор,98,3,5,,,,,,,,,,,,,,,,
"Дробовик ""Страж""",20097,1,"2,040059347",2750,1348,,,,,,Детали дробовика,22078,1,188,Оружейные детали,1735,4,105,Детали для автомата,22083,1,344,Стальные заготовки,1475,4,75,Железяки,475,4,24,,,,,,,,,,,,
Картридж для инъектора бронебойный,362,20,"2,036659878",50,491,,,,,,Гильза,1782,20,3,Лист цветмета,15086,1,110,Стальная пластина,1477,1,225,Железяки,475,4,24,,,,,,,,,,,,,,,,
Гранатомёт M79,1594,1,"2,029769959",1500,739,,,,,,Детали для винтовки,22080,1,188,Оружейные детали,1735,2,105,Деревянные заготовки,22082,2,58,Стальные заготовки,1475,3,75,,,,,,,,,,,,,,,,
Очки,415,1,"2,025773196",393,194,,,,,,Мусор,98,2,5,Линза,1486,2,68,Железяки,475,2,24,,,,,,,,,,,,,,,,,,,,
Радиодетали,356,1,"2,009708738",207,103,,,,,,Электронные детали,15090,3,15,Мусор,98,2,5,Железяки,475,2,24,,,,,,,,,,,,,,,,,,,,
Балаклава,22065,1,2,200,100,,,,,,Ткань,572,5,15,Нить,1325,5,5,,,,,,,,,,,,,,,,,,,,,,,,
Дверной замок,1318,1,"1,991869919",490,246,,,,,,Железный брус,1474,2,36,Стальные заготовки,1475,2,75,Пружина,15091,1,24,,,,,,,,,,,,,,,,,,,,
Кожаная броня,1,1,"1,946778711",695,357,,,,,,Ткань,572,5,15,Кусок кожи,1512,8,29,Нить,1325,10,5,,,,,,,,,,,,,,,,,,,,
Заточенное копье,280,1,"1,938053097",219,113,,,,,,Копье,7,1,103,Кремень,278,1,10,,,,,,,,,,,,,,,,,,,,,,,,
Охотничья винтовка,20004,1,"1,890359168",1000,529,,,,,,Детали для винтовки,22080,1,188,Оружейные детали,1735,2,105,Деревянные заготовки,22082,2,58,Мусор,98,3,5,,,,,,,,,,,,,,,,
Кислота,1813,1,"1,867857143",523,280,,,,,,Химический реагент,1777,1,155,Химикаты,574,1,77,Бутылка,542,1,48,,,,,,,,,,,,,,,,,,,,
Рюкзак,90,1,"1,865979381",543,291,,,,,,Сумка,46,1,35,Кусок кожи,1512,4,29,Ткань,572,6,15,Нить,1325,10,5,,,,,,,,,,,,,,,,
Большая пушка,1410,1,"1,860465116",320,172,,,,,,Железяки,475,4,24,Доска,1425,1,2,Труба,538,1,74,,,,,,,,,,,,,,,,,,,,
Винтовка AX50,20129,1,"1,834862385",2200,1199,,,,,,Детали для винтовки,22080,1,188,Оружейные детали,1735,4,105,Детали для больших пушек,1517,1,198,Деревянные заготовки,22082,2,58,Оптический прицел,22036,1,277,,,,,,,,,,,,
Металлическая броня МК2,380,1,"1,825088339",3099,1698,,,,,,Кожаная броня,1,1,252,Стальная пластина,1477,6,225,Железяки,475,4,24,,,,,,,,,,,,,,,,,,,,
Примитивная плата,55,1,"1,824",228,125,,,,,,Электронные детали,15090,1,15,Лист цветмета,15086,1,110,,,,,,,,,,,,,,,,,,,,,,,,
Боевой шлем,3960,1,"1,813236627",2000,1103,,,,,,Шлем авиатора,3969,1,107,Полимерные пластины,1776,2,450,Стекло,1485,2,48,,,,,,,,,,,,,,,,,,,,
Шило,383,1,"1,807692308",47,26,,,,,,Доска,1425,1,2,Железяки,475,1,24,,,,,,,,,,,,,,,,,,,,,,,,
Реливер,20531,1,"1,803571429",505,280,,,,,,Черногриб,18008,2,20,Ягоды паслена,20527,3,20,Химикаты,574,2,77,Пустой шприц,318,1,26,,,,,,,,,,,,,,,,
Опасная бритва,598,1,"1,75862069",102,58,,,,,,Железяки,475,2,24,Кремень,278,1,10,,,,,,,,,,,,,,,,,,,,,,,,
"Автомат ""Галил""",20098,1,"1,754385965",2400,1368,,,,,,Детали для винтовки,22080,1,188,Оружейные детали,1735,4,105,Детали для автомата,22083,1,344,Стальные заготовки,1475,4,75,Деревянные заготовки,22082,2,58,,,,,,,,,,,,
Стимулятор,40,1,"1,746987952",145,83,,,,,,Анестетик,1320,1,32,Пустой шприц,318,1,26,Целебный порошок,273,1,25,,,,,,,,,,,,,,,,,,,,
Светошумовая граната,660,3,"1,704545455",150,264,,,,,,Селитра,1781,1,81,Стальные заготовки,1475,2,75,Металлическая банка,1509,3,11,,,,,,,,,,,,,,,,,,,,
Респиратор,1399,1,"1,704049844",547,321,,,,,,Ткань,572,5,15,Нить,1325,5,5,Лист цветмета,15086,1,110,Железяки,475,4,24,Мусор,98,3,5,,,,,,,,,,,,
Кожаная броня МК3,1222,1,"1,698301698",1700,1001,,,,,,Кожаная броня МК2,379,1,463,Кусок кожи,1512,2,29,Стальная пластина,1477,2,225,Нить,1325,6,5,,,,,,,,,,,,,,,,
Микросхемы,377,1,"1,692",846,500,,,,,,Электронные детали,15090,6,15,Стальные заготовки,1475,4,75,Лист цветмета,15086,1,110,,,,,,,,,,,,,,,,,,,,
Винтовка М1 Гаранд,20014,1,"1,675041876",1000,597,,,,,,Детали для винтовки,22080,1,188,Оружейные детали,1735,2,105,Деревянные заготовки,22082,3,58,Мусор,98,5,5,,,,,,,,,,,,,,,,
Линза,1486,1,"1,661764706",113,68,,,,,,Стекло,1485,1,48,Кремень,278,2,10,,,,,,,,,,,,,,,,,,,,,,,,
Блокомин,20501,1,"1,660516605",450,271,,,,,,Бледногриб.,18011,1,30,Таблетки кальция,18032,1,87,Химикаты,574,2,77,,,,,,,,,,,,,,,,,,,,
CL 3000,1774,1,"1,655824683",7178,4335,,,,,,Лист цветмета,15086,3,110,Полимерные пластины,1776,4,450,Стальные заготовки,1475,12,75,Микросхемы,377,2,200,Охладительный элемент,1504,2,405,Энергоячейка,38,5,19,,,,,,,,
Доспех племенного воина,20560,1,"1,649068323",531,322,,,,,,Кожаная броня,1,1,252,Нить,1325,6,5,Хитиновая пластина,1441,8,5,,,,,,,,,,,,,,,,,,,,
Пулемет гатлинг,1401,1,"1,638141809",1340,818,,,,,,Оружейные детали,1735,2,105,Железяки,475,6,24,Мусор,98,4,5,Труба,538,6,74,,,,,,,,,,,,,,,,
Песочная роба,602,1,"1,636842105",311,190,,,,,,Ткань,572,10,15,Нить,1325,8,5,,,,,,,,,,,,,,,,,,,,,,,,
Многослойная кожаная броня,20545,1,"1,633986928",1000,612,,,,,,Кожаная броня,1,1,252,Кожаная куртка,74,1,194,Кусок кожи,1512,4,29,Нить,1325,10,5,,,,,,,,,,,,,,,,
Улучшенный Ваттс 1000,402,1,"1,633097441",3000,1837,,,,,,Ваттс 1000,16,1,877,Оружейные детали,1735,1,105,Охладительный элемент,1504,1,405,Полимерные пластины,1776,1,450,,,,,,,,,,,,,,,,
Рация,100,1,"1,612987013",621,385,,,,,,Примитивная плата,55,1,125,Радиодетали,356,1,49,Железяки,475,4,24,Мусор,98,4,5,Энергоячейка,38,5,19,,,,,,,,,,,,
"Карабин ""Скорпион""",21046,1,"1,604872007",3887,2422,,,,,,Детали для винтовки,22080,1,188,Оружейные детали,1735,3,105,Детали для автомата,22083,1,344,Стальные заготовки,1475,3,75,Полимерные пластины,1776,3,450,,,,,,,,,,,,
Боевая броня,17,1,"1,604146101",6500,4052,,,,,,Кожаная броня,1,1,252,Полимерные пластины,1776,8,450,Ткань,572,10,15,Нить,1325,10,5,,,,,,,,,,,,,,,,
Боевая броня МК2,381,1,"1,577287066",8000,5072,,,,,,Боевая броня,17,1,3872,Стальная пластина,1477,4,225,Стальные заготовки,1475,4,75,,,,,,,,,,,,,,,,,,,,
Арбалетный болт,1235,20,"1,5625",10,128,,,,,,Дротики,1438,20,1,Лист железа,1473,1,74,Кусок кожи,1512,1,29,Нить,1325,1,5,,,,,,,,,,,,,,,,
"Кожаная броня ""Дикарь""",20556,1,"1,5625",1000,640,,,,,,Кожаная броня,1,1,252,Нить,1325,10,5,Кусок кожи,1512,4,29,Лист железа,1473,3,74,,,,,,,,,,,,,,,,
Доспех племенного охотника,20559,1,"1,559708295",1711,1097,,,,,,Доспех племенного воина,20560,1,297,Нить,1325,10,5,Плотная шкура,15080,3,250,,,,,,,,,,,,,,,,,,,,
Копье,7,1,"1,54368932",159,103,,,,,,Заостренный Кол,320,1,2,Ткань,572,1,15,Нож,4,1,86,,,,,,,,,,,,,,,,,,,,
Улучшенная лазерная винтовка,20135,1,"1,5417823",5000,3243,,,,,,Ваттс 2000,118,1,1061,Микросхемы,377,1,200,Линза,1486,4,68,Охладительный элемент,1504,2,405,Полимерные пластины,1776,2,450,,,,,,,,,,,,
Улучшенный Ваттс 2000,401,1,"1,528584531",5000,3271,,,,,,Ваттс 2000,118,1,1061,Микросхемы,377,1,200,Стальные заготовки,1475,4,75,Охладительный элемент,1504,2,405,Полимерные пластины,1776,2,450,,,,,,,,,,,,
Молоток,1760,1,"1,511627907",65,43,,,,,,Доска,1425,1,2,Железный брус,1474,1,36,Мусор,98,1,5,,,,,,,,,,,,,,,,,,,,
Детали для винтовки,22080,1,"1,507566938",1295,859,,,,,,Железяки,475,4,24,Стальные заготовки,1475,8,75,Труба,538,2,74,Мусор,98,3,5,,,,,,,,,,,,,,,,
Карабин караванщика,20005,1,"1,484230056",800,539,,,,,,Детали для винтовки,22080,1,188,Оружейные детали,1735,2,105,Деревянные заготовки,22082,2,58,Мусор,98,5,5,,,,,,,,,,,,,,,,
Боевой шлем MK2,3961,1,"1,479289941",2000,1352,,,,,,Боевой шлем,3960,1,1055,Рация,100,1,237,Электронные детали,15090,4,15,,,,,,,,,,,,,,,,,,,,
Фонарик,1759,1,"1,445086705",250,173,,,,,,Стальные заготовки,1475,1,75,Линза,1486,1,68,Электронные детали,15090,2,15,,,,,,,,,,,,,,,,,,,,
Фруктовые ментаты,20512,1,"1,43902439",236,164,,,,,,Вода,1627,1,37,Сахар,1768,1,87,Грибы,1436,2,15,Цветок Брок,271,2,5,,,,,,,,,,,,,,,,
Бинт,1321,10,"1,428571429",41,287,,,,,,Ткань,572,10,15,Спирт,125,1,100,Вода,1627,1,37,,,,,,,,,,,,,,,,,,,,
Отвёртка,1736,1,"1,418918919",105,74,,,,,,Железяки,475,3,24,Доска,1425,1,2,,,,,,,,,,,,,,,,,,,,,,,,
Снаряды 40мм напалмовые,481,1,"1,413427562",400,283,,,,,,Стальные заготовки,1475,1,75,Топливо для огнемета,32,1,19,Порох,535,1,79,Лист цветмета,15086,1,110,,,,,,,,,,,,,,,,
Лазерная пушка,20133,1,"1,345532831",5000,3716,,,,,,Детали для больших пушек,1517,1,198,Оружейные детали,1735,6,105,Линза,1486,6,68,Охладительный элемент,1504,4,405,Микросхемы,377,1,200,Лист цветмета,15086,6,110,,,,,,,,
Бронебойный болт,1236,20,"1,341463415",11,164,,,,,,Дротики,1438,20,1,Лист цветмета,15086,1,110,Кусок кожи,1512,1,29,Нить,1325,1,5,,,,,,,,,,,,,,,,
Мина,544,1,"1,339836375",2129,1589,,,,,,Тротил,575,2,435,Химический реагент,1777,1,155,Пружина,15091,4,24,Стальные заготовки,1475,4,75,Лист железа,1473,2,74,Мусор,98,4,5,,,,,,,,
Рукопись,1885,1,"1,333333333",12,9,,,,,,Бумаги,58,2,2,Нить,1325,1,5,,,,,,,,,,,,,,,,,,,,,,,,
Примитивная лопата,487,1,"1,315789474",25,19,,,,,,Доска,1425,2,2,Ткань,572,1,15,,,,,,,,,,,,,,,,,,,,,,,,
Лопата,289,1,"1,284090909",113,88,,,,,,Заостренный Кол,320,1,2,Лист железа,1473,1,74,Гвозди,1729,4,3,,,,,,,,,,,,,,,,,,,,
Топор,543,1,"1,27",127,100,,,,,,Доска,1425,1,2,Лист железа,1473,1,74,Железяки,475,1,24,,,,,,,,,,,,,,,,,,,,
Карабин М4 с прицелом,20103,1,"1,26894607",3600,2837,,,,,,Карабин М4,20102,1,2512,Оптический прицел,22036,1,277,Железяки,475,2,24,,,,,,,,,,,,,,,,,,,,
Красная бандана,22031,1,"1,25",100,80,,,,,,Ткань,572,4,15,Нить,1325,4,5,,,,,,,,,,,,,,,,,,,,,,,,
Шляпа скотовода,22020,1,"1,25",150,120,,,,,,Ткань,572,6,15,Нить,1325,6,5,,,,,,,,,,,,,,,,,,,,,,,,
Форсажная жвачка,20521,5,"1,243093923",90,362,,,,,,Мутафрукт,71,3,5,Химический реагент,1777,2,155,Муравьиный нектар,1580,2,0,Вода,1627,1,37,,,,,,,,,,,,,,,,
Примитивное мачете,1419,1,"1,24",31,25,,,,,,Мусор,98,2,5,Ткань,572,1,15,,,,,,,,,,,,,,,,,,,,,,,,
Анестетик,1320,3,"1,228070175",70,171,,,,,,Вода,1627,3,37,Геккогриб,18002,3,15,Цветок Брок,271,3,5,,,,,,,,,,,,,,,,,,,,
Химический реагент,1777,1,"1,225806452",190,155,,,,,,Грибы,1436,2,15,Бутылка,542,1,48,Химикаты,574,1,77,,,,,,,,,,,,,,,,,,,,
Карабин М4,20102,1,"1,209271078",3600,2977,,,,,,Детали для винтовки,22080,1,188,Оружейные детали,1735,4,105,Детали для автомата,22083,1,344,Стальные заготовки,1475,3,75,Полимерные пластины,1776,4,450,,,,,,,,,,,,
Стекло,1485,2,"1,208333333",58,96,,,,,,Стеклянный слиток,1484,1,96,,,,,,,,,,,,,,,,,,,,,,,,,,,,
Ледник,17007,1,"1,205228248",3089,2563,,,,,,Стальная пластина,1477,2,225,Охладительный элемент,1504,4,405,Самодельный конденсатор,422,1,303,Энергоячейка,38,10,19,,,,,,,,,,,,,,,,
Рад-LX,18028,1,"1,189090909",327,275,Бутылка,542,1,1,48,Химический реагент,1777,1,155,Плод радцвета.,1603,2,10,Спирт,125,1,100,,,,,,,,,,,,,,,,,,,,
Угольный фильтр,1679,1,"1,1875",76,64,,,,,,Бутылка,542,1,48,Песок,1483,1,1,Угольная крошка,3866,1,0,Минеральная пыль,22066,1,0,Ткань,572,1,15,,,,,,,,,,,,
Метательный нож,45,3,"1,178571429",33,84,,,,,,Лист железа,1473,1,74,Кремень,278,1,10,,,,,,,,,,,,,,,,,,,,,,,,
Деревянный крестик,15039,1,"1,176470588",20,17,,,,,,Кусок веревки,534,1,15,Доска,1425,1,2,,,,,,,,,,,,,,,,,,,,,,,,
Казан,22014,1,"1,155555556",312,270,,,,,,Лист железа,1473,3,74,Железяки,475,2,24,,,,,,,,,,,,,,,,,,,,,,,,
Боевой миниган МК2,20191,1,"1,148383197",3800,3309,,,,,,Оружейные детали,1735,4,105,Детали для больших пушек,1517,3,198,Микросхемы,377,2,200,Энергоячейка,38,5,19,Полимерные пластины,1776,4,450,,,,,,,,,,,,
Электросварка,22128,1,"1,135391924",956,842,,,,,,Железяки,475,8,24,Примитивная плата,55,2,125,Мусор,98,4,5,Энергоячейка,38,20,19,,,,,,,,,,,,,,,,
Укрепленная куртка,20206,1,"1,129032258",420,372,,,,,,Кожаная куртка,74,1,194,Лист железа,1473,2,74,Нить,1325,6,5,,,,,,,,,,,,,,,,,,,,
Ремингтон 700,20118,1,"1,128668172",1500,1329,,,,,,Детали для винтовки,22080,1,188,Оружейные детали,1735,3,105,Оптический прицел,22036,1,277,Стальные заготовки,1475,5,75,Деревянные заготовки,22082,3,58,,,,,,,,,,,,
Патроны 14мм Охотничьи,623,20,"1,126760563",12,213,,,,,,Гильза,1782,20,3,Лист железа,1473,1,74,Порох,535,1,79,,,,,,,,,,,,,,,,,,,,
"ПП ""Ураган""",20112,1,"1,119820829",1000,893,,,,,,Детали для пистолета,22077,1,114,Оружейные детали,1735,3,105,Детали для автомата,22083,1,344,Железяки,475,5,24,,,,,,,,,,,,,,,,
Калико м960,20020,1,"1,119820829",1000,893,,,,,,Детали для пистолета,22077,1,114,Оружейные детали,1735,3,105,Детали для автомата,22083,1,344,Железяки,475,5,24,,,,,,,,,,,,,,,,
Ваттс 1000,16,1,"1,101321586",2000,1816,,,,,,Детали для пистолета,22077,1,114,Оружейные детали,1735,2,105,Линза,1486,4,68,Охладительный элемент,1504,2,405,Стальные заготовки,1475,4,75,Лист цветмета,15086,1,110,,,,,,,,
Ваттс 1000,16,1,"1,101321586",2000,1816,,,,,,Детали для пистолета,22077,1,114,Оружейные детали,1735,2,105,Линза,1486,4,68,Охладительный элемент,1504,2,405,Стальные заготовки,1475,4,75,Лист цветмета,15086,1,110,,,,,,,,
Противоядие,49,1,"1,097560976",90,82,,,,,,Вода,1627,1,37,Хвост малого радскорпиона.,15063,1,40,Цветок Брок,271,1,5,,,,,,,,,,,,,,,,,,,,
Растяжка с осколочной гранатой,19020,1,"1,090481786",928,851,,,,,,Осколочная граната,25,1,799,Короткая труба,1681,1,37,Леска,922,1,5,Мусор,98,2,5,,,,,,,,,,,,,,,,
Энергоячейка,38,20,"1,061571125",25,471,,,,,,Лист цветмета,15086,2,110,Химический реагент,1777,1,155,Железяки,475,4,24,,,,,,,,,,,,,,,,,,,,
Кожаная куртка,74,1,"1,055232558",363,344,,,,,,Ткань,572,8,15,Кусок кожи,1512,6,29,Нить,1325,10,5,,,,,,,,,,,,,,,,,,,,
Автомат M16K,20023,1,"1,045539033",2250,2152,,,,,,Детали для винтовки,22080,1,188,Оружейные детали,1735,4,105,Детали для автомата,22083,1,344,Стальные заготовки,1475,4,75,Полимерные пластины,1776,2,450,,,,,,,,,,,,
Игла,1326,1,"1,041666667",25,24,,,,,,Железяки,475,1,24,,,,,,,,,,,,,,,,,,,,,,,,,,,,
Крючок,921,1,"1,041666667",25,24,,,,,,Железяки,475,1,24,,,,,,,,,,,,,,,,,,,,,,,,,,,,
Простенькая отмычка,1712,1,"1,041666667",25,24,,,,,,Железяки,475,1,24,,,,,,,,,,,,,,,,,,,,,,,,,,,,
Пневматическое ружье,161,1,"1,005025126",200,199,,,,,,Оружейные детали,1735,1,105,Мусор,98,4,5,Труба,538,1,74,,,,,,,,,,,,,,,,,,,,
Коричневая бейсболка,22027,1,1,100,100,,,,,,Ткань,572,5,15,Нить,1325,5,5,,,,,,,,,,,,,,,,,,,,,,,,
Кепка,20555,1,1,100,100,,,,,,Ткань,572,5,15,Нить,1325,5,5,,,,,,,,,,,,,,,,,,,,,,,,
Рассада картофеля,1462,1,1,10,10,,,,,,Картофель,1465,1,10,,,,,,,,,,,,,,,,,,,,,,,,,,,,
Целебный порошок,273,1,1,25,25,,,,,,Цветок Брок,271,1,5,Корень Зандер,272,1,5,Ткань,572,1,15,,,,,,,,,,,,,,,,,,,,
Спирт,125,1,1,100,100,Бутылка,542,1,1,48,Самогон,469,2,50,,,,,,,,,,,,,,,,,,,,,,,,,,,,
Психо,110,1,"0,9900990099",400,404,,,,,,Химикаты,574,3,77,Боевой стимулятор,20505,1,123,Железа мутанта,1443,1,50,,,,,,,,,,,,,,,,,,,,
Штатив с трубками,22010,1,"0,989010989",360,364,,,,,,Химические трубки,22009,2,31,Доска,1425,1,2,Стальные заготовки,1475,4,75,,,,,,,,,,,,,,,,,,,,
Рабочая одежда,20601,1,"0,9756097561",200,205,,,,,,Ткань,572,10,15,Нить,1325,10,5,Мусор,98,1,5,,,,,,,,,,,,,,,,,,,,
Свитер,20600,1,"0,9756097561",200,205,,,,,,Ткань,572,10,15,Нить,1325,10,5,Мусор,98,1,5,,,,,,,,,,,,,,,,,,,,
Вульгарное платье,20602,1,"0,9756097561",200,205,,,,,,Ткань,572,10,15,Нить,1325,10,5,Мусор,98,1,5,,,,,,,,,,,,,,,,,,,,
Платье из Геккона,20596,1,"0,9756097561",200,205,,,,,,Ткань,572,10,15,Нить,1325,10,5,Мусор,98,1,5,,,,,,,,,,,,,,,,,,,,
Облачение фермера,20599,1,"0,9756097561",200,205,,,,,,Ткань,572,10,15,Нить,1325,10,5,Мусор,98,1,5,,,,,,,,,,,,,,,,,,,,
Мыло душистое,1715,1,"0,9664804469",173,179,Бутылка,542,1,1,48,Кусок некачественного мяса,1440,5,10,Химикаты,574,1,77,Мутафрукт,71,3,5,Вода,1627,1,37,,,,,,,,,,,,,,,,
Патроны 14мм Оболочные,624,20,"0,9638554217",12,249,,,,,,Гильза,1782,20,3,Лист цветмета,15086,1,110,Порох,535,1,79,,,,,,,,,,,,,,,,,,,,
Нитроглицерин,573,1,"0,9612188366",347,361,,,,,,Селитра,1781,1,81,Кислота,1813,1,280,,,,,,,,,,,,,,,,,,,,,,,,
Охотничье копье,20172,1,"0,9523809524",100,105,,,,,,Заостренный Кол,320,1,2,Лист железа,1473,1,74,Кусок кожи,1512,1,29,,,,,,,,,,,,,,,,,,,,
Счетчик Гейгера,52,1,"0,9523809524",1500,1575,,,,,,Электронные детали,15090,4,15,Микросхемы,377,2,200,Лист цветмета,15086,1,110,Стальные заготовки,1475,8,75,Охладительный элемент,1504,1,405,,,,,,,,,,,,
Патроны 9мм Самодельные,497,20,"0,9389671362",10,213,,,,,,Гильза,1782,20,3,Лист железа,1473,1,74,Порох,535,1,79,,,,,,,,,,,,,,,,,,,,
Патроны .45 Самодельные,617,20,"0,9389671362",10,213,,,,,,Гильза,1782,20,3,Лист железа,1473,1,74,Порох,535,1,79,,,,,,,,,,,,,,,,,,,,
Патроны 7.62 Самодельные,619,20,"0,9389671362",10,213,,,,,,Гильза,1782,20,3,Лист железа,1473,1,74,Порох,535,1,79,,,,,,,,,,,,,,,,,,,,
Патроны 0.223 Охотничьи,12005,20,"0,9389671362",10,213,,,,,,Гильза,1782,20,3,Лист железа,1473,1,74,Порох,535,1,79,,,,,,,,,,,,,,,,,,,,
Патроны .44 Охотничьи,620,20,"0,9389671362",10,213,,,,,,Гильза,1782,20,3,Лист железа,1473,1,74,Порох,535,1,79,,,,,,,,,,,,,,,,,,,,
Патроны .45 Охотничьи,622,20,"0,9389671362",10,213,,,,,,Гильза,1782,20,3,Лист железа,1473,1,74,Порох,535,1,79,,,,,,,,,,,,,,,,,,,,
Патроны .30-06 Охотничьи,625,20,"0,9389671362",10,213,,,,,,Гильза,1782,20,3,Лист железа,1473,1,74,Порох,535,1,79,,,,,,,,,,,,,,,,,,,,
Патроны 5.56 Самодельные,626,20,"0,9389671362",10,213,,,,,,Гильза,1782,20,3,Лист железа,1473,1,74,Порох,535,1,79,,,,,,,,,,,,,,,,,,,,
Патроны 5.56 Охотничьи,627,20,"0,9389671362",10,213,,,,,,Гильза,1782,20,3,Лист железа,1473,1,74,Порох,535,1,79,,,,,,,,,,,,,,,,,,,,
Патроны 7.62 Охотничьи,628,20,"0,9389671362",10,213,,,,,,Гильза,1782,20,3,Лист железа,1473,1,74,Порох,535,1,79,,,,,,,,,,,,,,,,,,,,
Патроны 0.223 Охотничьи,12005,20,"0,9389671362",10,213,,,,,,Гильза,1782,20,3,Лист железа,1473,1,74,Порох,535,1,79,,,,,,,,,,,,,,,,,,,,
Патроны 10мм Охотничьи,12002,20,"0,9389671362",10,213,,,,,,Гильза,1782,20,3,Лист железа,1473,1,74,Порох,535,1,79,,,,,,,,,,,,,,,,,,,,
Травяной сбор,1823,1,"0,9345794393",500,535,,,,,,Пятилистник,1609,10,50,Сумка,46,1,35,,,,,,,,,,,,,,,,,,,,,,,,
Кандалы,693,1,"0,9345794393",200,214,,,,,,Железный брус,1474,1,36,Стальная цепь,1420,1,24,Навесной замок,1317,1,58,Железяки,475,4,24,,,,,,,,,,,,,,,,
"ПП ""Спектр М7""",20113,1,"0,9319664492",1000,1073,,,,,,Детали для пистолета,22077,1,114,Оружейные детали,1735,3,105,Детали для автомата,22083,1,344,Стальные заготовки,1475,4,75,,,,,,,,,,,,,,,,
Боксерские перчатки,292,1,"0,9265536723",164,177,,,,,,Ткань,572,4,15,Кусок кожи,1512,3,29,Нить,1325,6,5,,,,,,,,,,,,,,,,,,,,
Ядерный микрореактор,39,20,"0,9208103131",50,1086,,,,,,Энергоячейка,38,20,19,Радиоактивные элементы,1437,1,481,Стальная пластина,1477,1,225,,,,,,,,,,,,,,,,,,,,
Субутекс,18029,1,"0,9202453988",300,326,,,,,,Таблетки кальция,18032,1,87,Целебный порошок,273,1,25,Химикаты,574,2,77,Бледногриб.,18011,2,30,,,,,,,,,,,,,,,,
Деревянные заготовки,22082,1,"0,9137931034",53,58,,,,,,Доска,1425,2,2,Растительное масло,806,1,54,,,,,,,,,,,,,,,,,,,,,,,,
Стопка,1738,4,"0,9090909091",25,110,,,,,,Лист цветмета,15086,1,110,,,,,,,,,,,,,,,,,,,,,,,,,,,,
Наручники,690,1,"0,906504065",223,246,,,,,,Железяки,475,3,24,Стальные заготовки,1475,2,75,Стальная цепь,1420,1,24,,,,,,,,,,,,,,,,,,,,
Рад-X,109,1,"0,9036144578",300,332,,,,,,Плод радцвета.,1603,3,10,Таблетки кальция,18032,1,87,Химический реагент,1777,1,155,Ягоды паслена,20527,3,20,,,,,,,,,,,,,,,,
Самодельная граната,20154,3,"0,8982035928",150,501,,,,,,Селитра,1781,2,81,Химический реагент,1777,1,155,Порох,535,1,79,Металлическая банка,1509,3,11,Железяки,475,3,24,,,,,,,,,,,,
Сварка,565,1,"0,8922924901",903,1012,,,,,,Лист железа,1473,2,74,Стальные заготовки,1475,4,75,Короткая труба,1681,2,37,Лист цветмета,15086,1,110,Топливо для огнемета,32,20,19,,,,,,,,,,,,
Железяки,475,3,"0,8918918919",22,74,,,,,,Лист железа,1473,1,74,,,,,,,,,,,,,,,,,,,,,,,,,,,,
Детали для пистолета,22077,1,"0,8783454988",361,411,,,,,,Железяки,475,4,24,Стальные заготовки,1475,4,75,Мусор,98,3,5,,,,,,,,,,,,,,,,,,,,
Походная одежда караванщика,20204,1,"0,875",420,480,,,,,,Кожаная куртка,74,1,194,Нить,1325,10,5,Кусок кожи,1512,4,29,Железяки,475,5,24,,,,,,,,,,,,,,,,
Техническое масло,412,1,"0,8741258741",375,429,,,,,,Металлическая банка,1509,1,11,Растительное масло,806,2,54,Химический реагент,1777,2,155,,,,,,,,,,,,,,,,,,,,
Витамины,1548,1,"0,8688946015",338,389,Бутылка,542,1,1,48,Таблетки кальция,18032,1,87,Целебный порошок,273,2,25,Мутогриб,18014,3,20,Химический реагент,1777,1,155,Вода,1627,1,37,,,,,,,,,,,,
Кровочист,1779,1,"0,8686131387",119,137,,,,,,Ягоды паслена,20527,3,20,Плод радцвета.,1603,3,10,Цветок Брок,271,2,5,Вода,1627,1,37,,,,,,,,,,,,,,,,
Кусок веревки,534,1,"0,8666666667",26,30,,,,,,Ткань,572,2,15,,,,,,,,,,,,,,,,,,,,,,,,,,,,
Травматин,22098,1,"0,8622881356",407,472,,,,,,Стимулятор,40,1,83,Сильное обезболивающее,20522,1,134,Спирт,125,1,100,Химический реагент,1777,1,155,,,,,,,,,,,,,,,,
Топливо для огнемета,32,20,"0,8620689655",20,464,,,,,,Лист цветмета,15086,1,110,Химикаты,574,2,77,Грибы,1436,5,15,Пейотль,18017,5,25,,,,,,,,,,,,,,,,
"Плазмапистолет ""Дутень""",20048,1,"0,8576615832",1181,1377,,,,,,Детали для пистолета,22077,1,114,Самодельный конденсатор,422,1,303,Стальные заготовки,1475,2,75,Охладительный элемент,1504,2,405,,,,,,,,,,,,,,,,
Сильное обезболивающее,20522,1,"0,8436213992",205,243,,,,,,Анестетик,1320,2,32,Целебный порошок,273,1,25,Химикаты,574,2,77,,,,,,,,,,,,,,,,,,,,
Боевой выкидной нож,20068,1,"0,8403361345",200,238,,,,,,Деревянные заготовки,22082,1,58,Лист железа,1473,1,74,Химикаты,574,1,77,Кусок кожи,1512,1,29,,,,,,,,,,,,,,,,
Зажим,1323,1,"0,8396226415",89,106,,,,,,Железяки,475,4,24,Мусор,98,2,5,,,,,,,,,,,,,,,,,,,,,,,,
Снаряды 40мм светошумовые,482,3,"0,8391608392",200,715,,,,,,Стальные заготовки,1475,3,75,Порох,535,1,79,Лист цветмета,15086,3,110,Селитра,1781,1,81,,,,,,,,,,,,,,,,
Охладительный элемент,1504,1,"0,8338983051",492,590,,,,,,Лист цветмета,15086,2,110,Химический реагент,1777,2,155,Электронные детали,15090,3,15,Мусор,98,3,5,,,,,,,,,,,,,,,,
Скальпель,1718,1,"0,8181818182",153,187,,,,,,Лист цветмета,15086,1,110,Химикаты,574,1,77,,,,,,,,,,,,,,,,,,,,,,,,
Патроны 12 кал. пулевой,12307,20,"0,8032128514",10,249,,,,,,Гильза,1782,20,3,Лист цветмета,15086,1,110,Порох,535,1,79,,,,,,,,,,,,,,,,,,,,
Патроны 0.223 оболочные,34,20,"0,8032128514",10,249,,,,,,Гильза,1782,20,3,Лист цветмета,15086,1,110,Порох,535,1,79,,,,,,,,,,,,,,,,,,,,
Патроны 5.56 экспансивные,35,20,"0,8032128514",10,249,,,,,,Гильза,1782,20,3,Лист цветмета,15086,1,110,Порох,535,1,79,,,,,,,,,,,,,,,,,,,,
Патроны 5.56 Оболоченные,12008,20,"0,8032128514",10,249,,,,,,Гильза,1782,20,3,Лист цветмета,15086,1,110,Порох,535,1,79,,,,,,,,,,,,,,,,,,,,
Патроны 10мм Оболоченные,12000,20,"0,8032128514",10,249,,,,,,Гильза,1782,20,3,Лист цветмета,15086,1,110,Порох,535,1,79,,,,,,,,,,,,,,,,,,,,
Патроны 10мм экспансивные,29,20,"0,8032128514",10,249,,,,,,Гильза,1782,20,3,Лист цветмета,15086,1,110,Порох,535,1,79,,,,,,,,,,,,,,,,,,,,
Патроны 0.44 Магнум экспансивные,31,20,"0,8032128514",10,249,,,,,,Гильза,1782,20,3,Лист цветмета,15086,1,110,Порох,535,1,79,,,,,,,,,,,,,,,,,,,,
Патроны 0.44 оболочные,111,20,"0,8032128514",10,249,,,,,,Гильза,1782,20,3,Лист цветмета,15086,1,110,Порох,535,1,79,,,,,,,,,,,,,,,,,,,,
Патроны 9мм,360,20,"0,8032128514",10,249,,,,,,Гильза,1782,20,3,Лист цветмета,15086,1,110,Порох,535,1,79,,,,,,,,,,,,,,,,,,,,
Патроны 0.45 Оболочные,357,20,"0,8032128514",10,249,,,,,,Гильза,1782,20,3,Лист цветмета,15086,1,110,Порох,535,1,79,,,,,,,,,,,,,,,,,,,,
Патроны 7.62мм Оболочные,363,20,"0,8032128514",10,249,,,,,,Гильза,1782,20,3,Лист цветмета,15086,1,110,Порох,535,1,79,,,,,,,,,,,,,,,,,,,,
Патроны .44-40,12304,20,"0,8032128514",10,249,,,,,,Гильза,1782,20,3,Лист цветмета,15086,1,110,Порох,535,1,79,,,,,,,,,,,,,,,,,,,,
Зеркальные солнечные очки,433,1,"0,7822878229",212,271,,,,,,Мусор,98,2,5,Линза,1486,2,68,Железяки,475,2,24,Химикаты,574,1,77,,,,,,,,,,,,,,,,
Патроны 12 калибра дробь,95,20,"0,7511737089",8,213,,,,,,Гильза,1782,20,3,Лист железа,1473,1,74,Порох,535,1,79,,,,,,,,,,,,,,,,,,,,
Шляпа «Десперадо»,22021,1,"0,7462686567",150,201,,,,,,Ткань,572,4,15,Кусок кожи,1512,4,29,Нить,1325,5,5,,,,,,,,,,,,,,,,,,,,
Широкая Шляпа,22019,1,"0,7462686567",150,201,,,,,,Ткань,572,4,15,Кусок кожи,1512,4,29,Нить,1325,5,5,,,,,,,,,,,,,,,,,,,,
Нож,4,1,"0,7441860465",64,86,,,,,,Доска,1425,1,2,Лист железа,1473,1,74,Кремень,278,1,10,,,,,,,,,,,,,,,,,,,,
Ткань,572,1,"0,7333333333",11,15,,,,,,Органические волокна,22013,1,15,,,,,,,,,,,,,,,,,,,,,,,,,,,,
Масляный Фонарь,1498,1,"0,7246376812",200,276,,,,,,Стекло,1485,2,48,Железяки,475,4,24,Лист железа,1473,1,74,Мусор,98,2,5,,,,,,,,,,,,,,,,
Химикаты,574,1,"0,7236842105",55,76,,,,,,Пузырек,22045,1,24,Минеральная пыль,22066,1,0,Ткань,572,1,15,Вода,1627,1,37,,,,,,,,,,,,,,,,
Металлическая броня МК3.,20568,1,"0,7126781695",1900,2666,,,,,,Металлическая броня МК2,380,1,1626,Лист цветмета,15086,4,110,Стальные заготовки,1475,8,75,,,,,,,,,,,,,,,,,,,,
Динамитная шашка,20010,1,"0,7092198582",300,423,,,,,,Нитроглицерин,573,1,361,Доска,1425,1,2,Ткань,572,4,15,,,,,,,,,,,,,,,,,,,,
Детали дробовика,22078,1,"0,7091906722",517,729,,,,,,Железяки,475,8,24,Стальные заготовки,1475,4,75,Труба,538,3,74,Мусор,98,3,5,,,,,,,,,,,,,,,,
Ведро,15064,1,"0,6967213115",85,122,,,,,,Лист железа,1473,1,74,Железяки,475,2,24,,,,,,,,,,,,,,,,,,,,,,,,
Самодельный конденсатор,422,1,"0,6929133858",264,381,,,,,,Стекло,1485,2,48,Лист цветмета,15086,2,110,Электронные детали,15090,3,15,Мусор,98,4,5,,,,,,,,,,,,,,,,
Суперстимулятор,144,1,"0,6769825919",350,517,,,,,,Стимулятор,40,1,83,Органические реагенты,1812,1,124,Химический реагент,1777,2,155,,,,,,,,,,,,,,,,,,,,
Пустой шприц,318,5,"0,6766917293",18,133,,,,,,Стекло,1485,1,48,Стальные заготовки,1475,1,75,Мусор,98,2,5,,,,,,,,,,,,,,,,,,,,
Вода,1627,3,"0,6756756757",25,111,Бутылка,542,1,1,48,Грязная вода,22087,3,15,Угольный фильтр,1679,1,66,,,,,,,,,,,,,,,,,,,,,,,,
"Шляпа ""Геккон""",22030,1,"0,6756756757",100,148,,,,,,Ткань,572,4,15,Нить,1325,6,5,Кусок кожи,1512,2,29,,,,,,,,,,,,,,,,,,,,
Патроны 12 кал. резиновые,12313,20,"0,6711409396",5,149,,,,,,Гильза,1782,20,3,Мусор,98,2,5,Порох,535,1,79,,,,,,,,,,,,,,,,,,,,
Электронная отмычка,77,1,"0,6682134571",1152,1724,,,,,,Полимерные пластины,1776,2,450,Стальные заготовки,1475,2,75,Моток медной проволоки,15087,2,62,Микросхемы,377,2,200,Электронные детали,15090,10,15,,,,,,,,,,,,
Гаечный ключ,384,1,"0,6666666667",150,225,,,,,,Стальная пластина,1477,1,225,,,,,,,,,,,,,,,,,,,,,,,,,,,,
Самодельная боевая броня,1225,1,"0,6660746004",1500,2252,,,,,,Кожаная броня,1,1,252,Стальная пластина,1477,8,225,Ткань,572,10,15,Нить,1325,10,5,,,,,,,,,,,,,,,,
Ваттс 1500,20036,1,"0,6647673314",1400,2106,,,,,,Детали для пистолета,22077,1,114,Оружейные детали,1735,3,105,Линза,1486,4,68,Охладительный элемент,1504,2,405,Стальные заготовки,1475,5,75,Лист цветмета,15086,2,110,,,,,,,,
Кожаный шлем,3968,1,"0,6493506494",200,308,,,,,,Ткань,572,4,15,Кусок кожи,1512,3,29,Нить,1325,5,5,Линза,1486,2,68,,,,,,,,,,,,,,,,
Строительная каска,15098,1,"0,6451612903",200,310,,,,,,Лист железа,1473,3,74,Кусок кожи,1512,2,29,Нить,1325,6,5,,,,,,,,,,,,,,,,,,,,
Шифтекс,1765,1,"0,641025641",500,780,,,,,,Баффаут,87,1,272,Ментаты,53,1,324,Органические реагенты,1812,1,124,Бледногриб.,18011,2,30,,,,,,,,,,,,,,,,
Почтовый ящик,23716,1,"0,6355932203",300,472,,,,,,Железный контейнер,1650,1,468,Доска,1425,2,2,,,,,,,,,,,,,,,,,,,,,,,,
Кустарная энергоячейка,1435,20,"0,6230529595",10,321,,,,,,Химикаты,574,1,77,Лист железа,1473,2,74,Железяки,475,4,24,,,,,,,,,,,,,,,,,,,,
Автомат М16А1,20105,1,"0,6040892193",1300,2152,,,,,,Детали для винтовки,22080,1,188,Оружейные детали,1735,4,105,Детали для автомата,22083,1,344,Стальные заготовки,1475,4,75,Полимерные пластины,1776,2,450,,,,,,,,,,,,
Нить,1325,3,"0,6",3,15,,,,,,Ткань,572,1,15,,,,,,,,,,,,,,,,,,,,,,,,,,,,
Шипованный кастет,234,1,"0,5882352941",100,170,,,,,,Лист железа,1473,1,74,Железяки,475,4,24,,,,,,,,,,,,,,,,,,,,,,,,
Порох,535,1,"0,582278481",46,79,,,,,,Химикаты,574,1,77,Доска,1425,1,2,,,,,,,,,,,,,,,,,,,,,,,,
Шлем авиатора,3969,1,"0,5813953488",100,172,,,,,,Ткань,572,4,15,Кусок кожи,1512,3,29,Нить,1325,5,5,,,,,,,,,,,,,,,,,,,,
Сахар,1768,1,"0,5747126437",50,87,,,,,,Мутафрукт,71,2,5,Химикаты,574,1,77,,,,,,,,,,,,,,,,,,,,,,,,
Органические реагенты,1812,1,"0,564516129",70,124,,,,,,Отходы,1599,10,1,Химикаты,574,1,77,Вода,1627,1,37,,,,,,,,,,,,,,,,,,,,
Реанимационный набор,670,1,"0,5627462015",1000,1777,,,,,,Самодельный конденсатор,422,2,303,Лист цветмета,15086,2,110,Стальные заготовки,1475,6,75,Железяки,475,4,24,Охладительный элемент,1504,1,405,,,,,,,,,,,,
HK MSG90,20120,1,"0,5586592179",1500,2685,,,,,,Детали для винтовки,22080,1,188,Оружейные детали,1735,4,105,Стальные заготовки,1475,6,75,Полимерные пластины,1776,3,450,Оптический прицел,22036,1,277,,,,,,,,,,,,
Стальные заготовки,1475,3,"0,5466666667",41,225,,,,,,Стальная пластина,1477,1,225,,,,,,,,,,,,,,,,,,,,,,,,,,,,
Антисептик,1322,3,"0,5454545455",68,374,,,,,,Спирт,125,1,100,Вода,1627,1,37,Противоядие,49,1,82,Химический реагент,1777,1,155,,,,,,,,,,,,,,,,
Пачка ТНТ,85,1,"0,5396825397",850,1575,,,,,,Тротил,575,3,435,Веревка,127,1,15,Моток медной проволоки,15087,1,62,Примитивная плата,55,1,125,Железяки,475,2,24,Мусор,98,4,5,Радиодетали,356,1,49,,,,
Полицейская дубинка,20003,1,"0,5357142857",30,56,,,,,,Доска,1425,1,2,Растительное масло,806,1,54,,,,,,,,,,,,,,,,,,,,,,,,
Тротил,575,1,"0,5305084746",313,590,,,,,,Кислота,1813,1,280,Химический реагент,1777,2,155,,,,,,,,,,,,,,,,,,,,,,,,
Мешок с удобрением,22070,1,"0,5263157895",10,19,,,,,,Песок,1483,1,1,Минеральная пыль,22066,1,0,Отходы,1599,3,1,Ткань,572,1,15,,,,,,,,,,,,,,,,
Ингалятор,416,1,"0,5172413793",15,29,,,,,,Мусор,98,1,5,Пузырек,22045,1,24,,,,,,,,,,,,,,,,,,,,,,,,
Патроны 0.223 Бронебойные,12006,20,"0,5063291139",12,474,,,,,,Гильза,1782,20,3,Лист цветмета,15086,1,110,Стальная пластина,1477,1,225,Порох,535,1,79,,,,,,,,,,,,,,,,
Патроны 0.45 Бронебойные,12007,20,"0,5063291139",12,474,,,,,,Гильза,1782,20,3,Лист цветмета,15086,1,110,Стальная пластина,1477,1,225,Порох,535,1,79,,,,,,,,,,,,,,,,
Патроны 5.56 бронебойные,36,20,"0,5063291139",12,474,,,,,,Гильза,1782,20,3,Лист цветмета,15086,1,110,Стальная пластина,1477,1,225,Порох,535,1,79,,,,,,,,,,,,,,,,
Патроны 10мм бронебойные,30,20,"0,5063291139",12,474,,,,,,Гильза,1782,20,3,Лист цветмета,15086,1,110,Стальная пластина,1477,1,225,Порох,535,1,79,,,,,,,,,,,,,,,,
Патроны 7.62мм Бронебойные,12009,20,"0,5063291139",12,474,,,,,,Гильза,1782,20,3,Лист цветмета,15086,1,110,Стальная пластина,1477,1,225,Порох,535,1,79,,,,,,,,,,,,,,,,
Патроны 14мм бронебойные,33,20,"0,5063291139",12,474,,,,,,Гильза,1782,20,3,Лист цветмета,15086,1,110,Стальная пластина,1477,1,225,Порох,535,1,79,,,,,,,,,,,,,,,,
Набор красок,829,1,"0,5027027027",93,185,,,,,,Химикаты,574,1,77,Спирт,125,1,100,Отходы,1599,1,1,Мусор,98,1,5,Доска,1425,1,2,,,,,,,,,,,,
Стальная цепь,1420,1,"0,5",96,192,,,,,,Железяки,475,8,24,,,,,,,,,,,,,,,,,,,,,,,,,,,,
Записка на клочке бумаги,1528,1,"0,5",1,2,,,,,,Доска,1425,1,2,,,,,,,,,,,,,,,,,,,,,,,,,,,,
Записка на клочке бумаги,1528,1,"0,5",1,2,,,,,,Доска,1425,1,2,,,,,,,,,,,,,,,,,,,,,,,,,,,,
Кол,843,1,"0,5",1,2,,,,,,Заостренный Кол,320,1,2,,,,,,,,,,,,,,,,,,,,,,,,,,,,
Качественный топор,15009,1,"0,49609375",127,256,,,,,,Стальная пластина,1477,1,225,Доска,1425,1,2,Кусок кожи,1512,1,29,,,,,,,,,,,,,,,,,,,,
Химический фонарь,79,5,"0,4901960784",10,102,,,,,,Химикаты,574,1,77,Мусор,98,5,5,Минеральная пыль,22066,1,0,,,,,,,,,,,,,,,,,,,,
Боевой нож,236,1,"0,4872611465",153,314,,,,,,Доска,1425,1,2,Стальная пластина,1477,1,225,Железяки,475,2,24,Кусок кожи,1512,1,29,Кремень,278,1,10,,,,,,,,,,,,
Бронежилет,20200,1,"0,4816513761",420,872,,,,,,Кожаная броня,1,1,252,Ткань,572,8,15,Стальная пластина,1477,2,225,Нить,1325,10,5,,,,,,,,,,,,,,,,
Патроны 10мм самодельные,1430,20,"0,4694835681",5,213,,,,,,Гильза,1782,20,3,Лист железа,1473,1,74,Порох,535,1,79,,,,,,,,,,,,,,,,,,,,
Патроны 30-06 Самодельные,618,20,"0,4694835681",5,213,,,,,,Гильза,1782,20,3,Лист железа,1473,1,74,Порох,535,1,79,,,,,,,,,,,,,,,,,,,,
Патроны 0.44 самодельные,1431,20,"0,4694835681",5,213,,,,,,Гильза,1782,20,3,Лист железа,1473,1,74,Порох,535,1,79,,,,,,,,,,,,,,,,,,,,
Патроны 14мм самодельные,1432,20,"0,4694835681",5,213,,,,,,Гильза,1782,20,3,Лист железа,1473,1,74,Порох,535,1,79,,,,,,,,,,,,,,,,,,,,
Патроны 12 калибра дробь самодельные,1433,20,"0,4694835681",5,213,,,,,,Гильза,1782,20,3,Лист железа,1473,1,74,Порох,535,1,79,,,,,,,,,,,,,,,,,,,,
Патроны 0.223 самодельные,1434,20,"0,4694835681",5,213,,,,,,Гильза,1782,20,3,Лист железа,1473,1,74,Порох,535,1,79,,,,,,,,,,,,,,,,,,,,
Мизоин,22097,1,"0,4651162791",120,258,,,,,,Вода,1627,1,37,Химический реагент,1777,1,155,Ягоды паслена,20527,2,20,Пустой шприц,318,1,26,,,,,,,,,,,,,,,,
Пустой мешок,587,1,"0,4620689655",67,145,,,,,,Ткань,572,8,15,Нить,1325,5,5,,,,,,,,,,,,,,,,,,,,,,,,
Цветок в горшке,23720,1,"0,4545454545",30,66,,,,,,Кувшин для браги,807,1,41,Песок,1483,5,1,Мешок с удобрением,22070,1,20,,,,,,,,,,,,,,,,,,,,
Коктейль Молотова,159,1,"0,4537815126",54,119,,,,,,Самогон,469,1,50,Ткань,572,1,15,Растительное масло,806,1,54,,,,,,,,,,,,,,,,,,,,
Полицейский лазер,20131,1,"0,4492939666",1400,3116,,,,,,Детали для пистолета,22077,1,114,Оружейные детали,1735,3,105,Линза,1486,4,68,Охладительный элемент,1504,3,405,Стальные заготовки,1475,4,75,Полимерные пластины,1776,2,450,,,,,,,,
Баффаут,87,1,"0,4426229508",189,427,,,,,,Черногриб,18008,2,20,Мутогриб,18014,2,20,Вода,1627,1,37,Химический реагент,1777,2,155,,,,,,,,,,,,,,,,
Ранец с боеукладкой,1535,1,"0,4409171076",500,1134,,,,,,Рюкзак,90,1,171,Стальная пластина,1477,3,225,Железяки,475,8,24,Пружина,15091,4,24,,,,,,,,,,,,,,,,
Антирадин,48,1,"0,4378283713",250,571,,,,,,Кровочист,1779,1,137,Органические реагенты,1812,1,124,Химический реагент,1777,2,155,,,,,,,,,,,,,,,,,,,,
Патроны .44 Бронебойные,621,20,"0,4219409283",10,474,,,,,,Гильза,1782,20,3,Лист цветмета,15086,1,110,Стальная пластина,1477,1,225,Порох,535,1,79,,,,,,,,,,,,,,,,
Патроны 12 кал картечь,12314,20,"0,4219409283",10,474,,,,,,Гильза,1782,20,3,Лист цветмета,15086,1,110,Стальная пластина,1477,1,225,Порох,535,1,79,,,,,,,,,,,,,,,,
Патроны 9мм Люгер,121,20,"0,4219409283",10,474,,,,,,Гильза,1782,20,3,Лист цветмета,15086,1,110,Стальная пластина,1477,1,225,Порох,535,1,79,,,,,,,,,,,,,,,,
Патроны .30-06 Спрингфилд,12305,20,"0,4219409283",10,474,,,,,,Гильза,1782,20,3,Лист цветмета,15086,1,110,Стальная пластина,1477,1,225,Порох,535,1,79,,,,,,,,,,,,,,,,
Патроны 0.50 магнум,12303,20,"0,4219409283",10,474,,,,,,Гильза,1782,20,3,Лист цветмета,15086,1,110,Стальная пластина,1477,1,225,Порох,535,1,79,,,,,,,,,,,,,,,,
Патроны 12.7мм,12306,20,"0,4219409283",10,474,,,,,,Гильза,1782,20,3,Лист цветмета,15086,1,110,Стальная пластина,1477,1,225,Порох,535,1,79,,,,,,,,,,,,,,,,
Стальной метательный нож,20156,3,"0,4212765957",33,235,,,,,,Стальная пластина,1477,1,225,Кремень,278,1,10,,,,,,,,,,,,,,,,,,,,,,,,
Косяк,1490,1,"0,4038461538",21,52,,,,,,Пятилистник,1609,1,50,Бумаги,58,1,2,,,,,,,,,,,,,,,,,,,,,,,,
Горючая смесь,20150,1,"0,4024390244",33,82,,,,,,Топливо для огнемета,32,1,19,Ткань,572,1,15,Бутылка,542,1,48,,,,,,,,,,,,,,,,,,,,
Таблетки кальция,18032,1,"0,4022988506",35,87,,,,,,Клык,1496,5,1,Хитиновая пластина,1441,1,5,Химикаты,574,1,77,,,,,,,,,,,,,,,,,,,,
Походная сумка,17001,1,"0,4016064257",100,249,,,,,,Сумка,46,1,35,Кусок кожи,1512,4,29,Железяки,475,2,24,Нить,1325,10,5,,,,,,,,,,,,,,,,
Сейфовый замок,1319,1,"0,3997233748",578,1446,,,,,,Полимерные пластины,1776,2,450,Стальные заготовки,1475,6,75,Пружина,15091,4,24,,,,,,,,,,,,,,,,,,,,
Динамит,51,1,"0,3790750569",500,1319,,,,,,Динамитная шашка,20010,3,378,Веревка,127,1,15,Электронные детали,15090,3,15,Примитивная плата,55,1,125,,,,,,,,,,,,,,,,
Овердоз,1778,1,"0,3787878788",150,396,,,,,,Ягоды паслена,20527,3,20,Брюшко Муравья,22094,3,10,Кислота,1813,1,280,Пустой шприц,318,1,26,,,,,,,,,,,,,,,,
Патроны 9мм Охотничьи,12301,20,"0,3755868545",4,213,,,,,,Гильза,1782,20,3,Лист железа,1473,1,74,Порох,535,1,79,,,,,,,,,,,,,,,,,,,,
Походная фляжка,1754,1,"0,3424657534",25,73,,,,,,Кусок кожи,1512,2,29,Нить,1325,2,5,Мусор,98,1,5,,,,,,,,,,,,,,,,,,,,
Монтировка,20,1,"0,3360655738",41,122,,,,,,Лист железа,1473,1,74,Железяки,475,2,24,,,,,,,,,,,,,,,,,,,,,,,,
Патронташ,1884,1,"0,3345070423",95,284,,,,,,Кусок кожи,1512,6,29,Ткань,572,4,15,Нить,1325,10,5,,,,,,,,,,,,,,,,,,,,
Электронные детали,15090,1,"0,3333333333",5,15,,,,,,Мусор,98,3,5,,,,,,,,,,,,,,,,,,,,,,,,,,,,
Радиоактивные элементы,1437,1,"0,3243243243",180,555,,,,,,Обогащенная урановая руда,486,1,0,Охладительный элемент,1504,1,405,Стальные заготовки,1475,2,75,,,,,,,,,,,,,,,,,,,,
Кованое копье,20171,1,"0,3184713376",100,314,,,,,,Заостренный Кол,320,1,2,Стальная пластина,1477,1,225,Железяки,475,2,24,Кусок кожи,1512,1,29,Кремень,278,1,10,,,,,,,,,,,,
Кодовый замок,1334,1,"0,2870603015",457,1592,,,,,,Полимерные пластины,1776,2,450,Стальные заготовки,1475,4,75,Пружина,15091,3,24,Микросхемы,377,1,200,Электронные детали,15090,8,15,,,,,,,,,,,,
Снаряды 40мм фугасные,1035,1,"0,2861230329",200,699,,,,,,Стальные заготовки,1475,1,75,Тротил,575,1,435,Порох,535,1,79,Лист цветмета,15086,1,110,,,,,,,,,,,,,,,,
Патроны 0.22 оболочные,12315,20,"0,2816901408",3,213,,,,,,Гильза,1782,20,3,Лист железа,1473,1,74,Порох,535,1,79,,,,,,,,,,,,,,,,,,,,
Гвозди,1729,20,"0,2702702703",1,74,,,,,,Лист железа,1473,1,74,,,,,,,,,,,,,,,,,,,,,,,,,,,,
Гильза,1782,20,"0,2702702703",1,74,,,,,,Лист железа,1473,1,74,,,,,,,,,,,,,,,,,,,,,,,,,,,,
Шарики для воздушки,163,20,"0,2702702703",1,74,,,,,,Лист железа,1473,1,74,,,,,,,,,,,,,,,,,,,,,,,,,,,,
Короткая труба,1681,2,"0,2702702703",10,74,,,,,,Лист железа,1473,1,74,,,,,,,,,,,,,,,,,,,,,,,,,,,,
Труба,538,1,"0,2702702703",20,74,,,,,,Лист железа,1473,1,74,,,,,,,,,,,,,,,,,,,,,,,,,,,,
Винт,18031,1,"0,25",25,100,,,,,,Ингалятор,416,1,29,Хвост малого радскорпиона.,15063,1,40,Грибы,1436,2,15,Отходы,1599,1,1,,,,,,,,,,,,,,,,
Дрожжи,1716,1,"0,243902439",10,41,,,,,,Грибы,1436,2,15,Металлическая банка,1509,1,11,,,,,,,,,,,,,,,,,,,,,,,,
Детали для больших пушек,1517,1,"0,2294322132",198,863,,,,,,Железяки,475,10,24,Стальные заготовки,1475,6,75,Труба,538,2,74,Мусор,98,5,5,,,,,,,,,,,,,,,,
Фляжка простая,1709,1,"0,2272727273",25,110,,,,,,Лист цветмета,15086,1,110,,,,,,,,,,,,,,,,,,,,,,,,,,,,
Копье Ши,14008,1,"0,2155172414",100,464,,,,,,Заостренный Кол,320,1,2,Стальная пластина,1477,1,225,Стальные заготовки,1475,2,75,Кусок кожи,1512,3,29,,,,,,,,,,,,,,,,
Разрывной болт,1237,1,"0,2086230876",150,719,,,,,,Арбалетный болт,1235,1,5,Снаряды 40мм фугасные,1035,1,699,Кусок веревки,534,1,15,,,,,,,,,,,,,,,,,,,,
Портмоне,1762,1,"0,2040816327",10,49,,,,,,Кусок кожи,1512,1,29,Нить,1325,4,5,,,,,,,,,,,,,,,,,,,,,,,,
Портмоне,1762,1,"0,2040816327",10,49,,,,,,Кусок кожи,1512,1,29,Нить,1325,4,5,,,,,,,,,,,,,,,,,,,,,,,,
Осколочная граната,25,1,"0,2004454343",180,898,,,,,,Тротил,575,1,435,Химический реагент,1777,1,155,Железяки,475,2,24,Стальные заготовки,1475,2,75,Лист цветмета,15086,1,110,,,,,,,,,,,,
Примитивный нож,1418,1,"0,2",1,5,,,,,,Мусор,98,1,5,,,,,,,,,,,,,,,,,,,,,,,,,,,,
Тяжелый шипованный кастет,20175,1,"0,1777777778",40,225,,,,,,Стальная пластина,1477,1,225,,,,,,,,,,,,,,,,,,,,,,,,,,,,
Сердечные пилюли,333,1,"0,1602564103",50,312,,,,,,Таблетки кальция,18032,1,87,Ягоды паслена,20527,2,20,Химический реагент,1777,1,155,Бледногриб.,18011,1,30,,,,,,,,,,,,,,,,
"Автомат ""Двойка""",20104,1,"0,1596351197",140,877,,,,,,Детали для винтовки,22080,1,188,Оружейные детали,1735,3,105,Детали для автомата,22083,1,344,Мусор,98,6,5,,,,,,,,,,,,,,,,
Нюка-Кола,106,1,"0,1492537313",30,201,,,,,,Сахар,1768,1,87,Вода,1627,1,37,Химикаты,574,1,77,,,,,,,,,,,,,,,,,,,,
Трэб,18030,1,"0,138121547",25,181,,,,,,Ингалятор,416,1,29,Химикаты,574,1,77,Муравьиный нектар,18005,1,15,Бледногриб.,18011,2,30,,,,,,,,,,,,,,,,
Джет,259,2,"0,1328413284",36,542,,,,,,Ингалятор,416,2,29,Органические реагенты,1812,1,124,Кислота,1813,1,280,Черногриб,18008,4,20,,,,,,,,,,,,,,,,
Лопатка,14010,1,"0,1255230126",30,239,,,,,,Стальная пластина,1477,1,225,Гвозди,1729,4,3,Доска,1425,1,2,,,,,,,,,,,,,,,,,,,,
Сигарета,22050,1,"0,1",5,50,,,,,,Окурок,22166,10,5,,,,,,,,,,,,,,,,,,,,,,,,,,,,
Ментаты,53,1,"0,09394572025",45,479,,,,,,Муравьиный нектар,18005,2,15,Цветок Брок,271,3,5,Вода,1627,1,37,Сахар,1768,1,87,Химический реагент,1777,2,155,,,,,,,,,,,,
Металлическая банка,1509,10,"0,09090909091",1,110,,,,,,Лист цветмета,15086,1,110,,,,,,,,,,,,,,,,,,,,,,,,,,,,
Вилка,14021,10,"0,08888888889",2,225,,,,,,Стальная пластина,1477,1,225,,,,,,,,,,,,,,,,,,,,,,,,,,,,
Миска,1734,2,"0,08888888889",10,225,,,,,,Стальная пластина,1477,1,225,,,,,,,,,,,,,,,,,,,,,,,,,,,,
Связка ключей,888,1,"0,06666666667",1,15,,,,,,Ткань,572,1,15,,,,,,,,,,,,,,,,,,,,,,,,,,,,
Ручная мельница,1842,1,"0,05555555556",1,18,,,,,,Кирпич,1480,8,1,Камень,19,6,1,Глина,1467,2,1,Доска,1425,1,2,,,,,,,,,,,,,,,,
Сушилка для шкур,839,1,"0,04761904762",1,21,,,,,,Бревна,286,2,2,Заостренный Кол,320,1,2,Веревка,127,1,15,,,,,,,,,,,,,,,,,,,,
Дикарская подставка,841,1,"0,04347826087",1,23,,,,,,Бревна,286,2,2,Заостренный Кол,320,2,2,Веревка,127,1,15,,,,,,,,,,,,,,,,,,,,
Малая печь,1844,1,"0,03333333333",1,30,,,,,,Кирпич,1480,15,1,Камень,19,10,1,Глина,1467,5,1,,,,,,,,,,,,,,,,,,,,
Кувшин для браги,807,1,"0,02564102564",1,39,,,,,,Глина,1467,2,1,Минеральная пыль,22066,2,0,Вода,1627,1,37,,,,,,,,,,,,,,,,,,,,
Табурет,1656,1,"0,025",1,40,,,,,,Доска,1425,5,2,Гвозди,1729,10,3,,,,,,,,,,,,,,,,,,,,,,,,
Деревянный стол,885,1,"0,025",1,40,,,,,,Доска,1425,5,2,Гвозди,1729,10,3,,,,,,,,,,,,,,,,,,,,,,,,
Ящик,895,1,"0,02380952381",1,42,,,,,,Доска,1425,6,2,Гвозди,1729,10,3,,,,,,,,,,,,,,,,,,,,,,,,
Деревянный стул,873,1,"0,02380952381",1,42,,,,,,Доска,1425,6,2,Гвозди,1729,10,3,,,,,,,,,,,,,,,,,,,,,,,,
Козлы,1853,1,"0,02173913043",1,46,,,,,,Бревна,286,8,2,Веревка,127,2,15,,,,,,,,,,,,,,,,,,,,,,,,
Бутылка,542,1,"0,02083333333",1,48,,,,,,Стекло,1485,1,48,,,,,,,,,,,,,,,,,,,,,,,,,,,,
Круглый деревянный стол,884,1,"0,02083333333",1,48,,,,,,Доска,1425,6,2,Гвозди,1729,12,3,,,,,,,,,,,,,,,,,,,,,,,,
Скамья,1653,1,"0,01785714286",1,56,,,,,,Доска,1425,10,2,Гвозди,1729,12,3,,,,,,,,,,,,,,,,,,,,,,,,
Сундук,1330,1,"0,01785714286",1,56,,,,,,Доска,1425,10,2,Гвозди,1729,12,3,,,,,,,,,,,,,,,,,,,,,,,,
Деревянные полки,897,1,"0,01388888889",1,72,,,,,,Доска,1425,12,2,Гвозди,1729,16,3,,,,,,,,,,,,,,,,,,,,,,,,
Простой спальный мешок.,877,1,"0,01111111111",1,90,,,,,,Пустой мешок,587,1,20,Ткань,572,3,15,Нить,1325,5,5,,,,,,,,,,,,,,,,,,,,
Тачка,845,1,"0,009523809524",1,105,,,,,,Доска,1425,10,2,Мусор,98,8,5,Гвозди,1729,15,3,,,,,,,,,,,,,,,,,,,,
Грибная грядка,1628,1,"0,009433962264",1,106,,,,,,Доска,1425,10,2,Гвозди,1729,16,3,Пустой мешок,587,1,20,Песок,1483,8,1,Отходы,1599,10,1,,,,,,,,,,,,
Стул с тканевой обивкой.,876,1,"0,008547008547",1,117,,,,,,Деревянный стул,873,1,15,Ткань,572,6,15,Гвозди,1729,4,3,,,,,,,,,,,,,,,,,,,,
Матрас,878,1,"0,008",1,125,,,,,,Пустой мешок,587,1,20,Ткань,572,6,15,Нить,1325,3,5,,,,,,,,,,,,,,,,,,,,
Большой деревянный стол,893,1,"0,006097560976",1,164,,,,,,Доска,1425,10,2,Гвозди,1729,16,3,Железяки,475,4,24,,,,,,,,,,,,,,,,,,,,
Деревянный письменный стол,894,1,"0,006097560976",1,164,,,,,,Доска,1425,10,2,Гвозди,1729,16,3,Железяки,475,4,24,,,,,,,,,,,,,,,,,,,,
Деревянный шкаф,896,1,"0,005952380952",1,168,,,,,,Доска,1425,12,2,Гвозди,1729,16,3,Железяки,475,4,24,,,,,,,,,,,,,,,,,,,,
Офисное кресло,836,1,"0,005319148936",1,188,,,,,,Доска,1425,10,2,Гвозди,1729,16,3,Ткань,572,6,15,Мусор,98,6,5,,,,,,,,,,,,,,,,
Серый спортивный костюм,13027,1,"0,00487804878",1,205,,,,,,Ткань,572,10,15,Нить,1325,10,5,Мусор,98,1,5,,,,,,,,,,,,,,,,,,,,
Кустарный диванчик,837,1,"0,004854368932",1,206,,,,,,Доска,1425,10,2,Гвозди,1729,12,3,Ткань,572,10,15,,,,,,,,,,,,,,,,,,,,
Тканевое офисное кресло,899,1,"0,004716981132",1,212,,,,,,Доска,1425,6,2,Гвозди,1729,10,3,Ткань,572,10,15,Мусор,98,4,5,,,,,,,,,,,,,,,,
Удобный стул,874,1,"0,004608294931",1,217,,,,,,Деревянный стул,873,1,15,Ткань,572,5,15,Кусок кожи,1512,3,29,Нить,1325,8,5,,,,,,,,,,,,,,,,
Самодельный рабочий стол,1848,1,"0,004484304933",1,223,,,,,,Деревянный стол,885,1,13,Гвозди,1729,10,3,Доска,1425,6,2,Мусор,98,4,5,Лист железа,1473,2,74,,,,,,,,,,,,
Миска для собаки,371,1,"0,004444444444",1,225,,,,,,Стальная пластина,1477,1,225,,,,,,,,,,,,,,,,,,,,,,,,,,,,
Жаровня,4668,1,"0,004166666667",1,240,,,,,,Железяки,475,10,24,,,,,,,,,,,,,,,,,,,,,,,,,,,,
Кожаное офисное кресло,1654,1,"0,003649635036",1,274,,,,,,Доска,1425,10,2,Гвозди,1729,16,3,Ткань,572,6,15,Кусок кожи,1512,4,29,,,,,,,,,,,,,,,,
Ковер,838,1,"0,003076923077",1,325,,,,,,Ткань,572,15,15,Нить,1325,20,5,,,,,,,,,,,,,,,,,,,,,,,,
Двойная деревянная кровать.,882,1,"0,002958579882",1,338,,,,,,Ткань,572,12,15,Матрас,878,1,40,Нить,1325,10,5,Доска,1425,10,2,Гвозди,1729,16,3,,,,,,,,,,,,
Дикарский алтарь,840,1,"0,00288184438",1,347,,,,,,Бревна,286,2,2,Заостренный Кол,320,4,2,Веревка,127,1,15,Шкура брамина,449,4,80,,,,,,,,,,,,,,,,
Деревянный стол с настольной лампой,842,1,"0,002857142857",1,350,,,,,,Доска,1425,10,2,Гвозди,1729,16,3,Железяки,475,4,24,Электронные детали,15090,6,15,Стекло,1485,2,48,,,,,,,,,,,,
Наковальня,1850,1,"0,002777777778",1,360,,,,,,Железный брус,1474,10,36,,,,,,,,,,,,,,,,,,,,,,,,,,,,
Лежак,881,1,"0,002487562189",1,402,,,,,,Доска,1425,6,2,Ткань,572,10,15,Шкура брамина,449,2,80,Нить,1325,10,5,Гвозди,1729,10,3,,,,,,,,,,,,
Металлическая скамья,904,1,"0,002272727273",1,440,,,,,,Лист железа,1473,2,74,Железяки,475,6,24,Короткая труба,1681,4,37,,,,,,,,,,,,,,,,,,,,
Металлическая бочка,1617,1,"0,002252252252",1,444,,,,,,Лист железа,1473,6,74,,,,,,,,,,,,,,,,,,,,,,,,,,,,
Бочка для костра,7900,1,"0,002252252252",1,444,,,,,,Металлическая бочка,1617,1,444,,,,,,,,,,,,,,,,,,,,,,,,,,,,
Компостная бочка,1645,1,"0,002252252252",1,444,,,,,,Металлическая бочка,1617,1,444,,,,,,,,,,,,,,,,,,,,,,,,,,,,
Бочка для растений,1589,1,"0,002132196162",1,469,,,,,,Металлическая бочка,1617,1,444,Песок,1483,5,1,Мешок с удобрением,22070,1,20,,,,,,,,,,,,,,,,,,,,
Большой ковёр,833,1,"0,001904761905",1,525,,,,,,Ткань,572,25,15,Нить,1325,30,5,,,,,,,,,,,,,,,,,,,,,,,,
Барный стул,1655,1,"0,001897533207",1,527,,,,,,Труба,538,3,74,Лист железа,1473,1,74,Кусок кожи,1512,3,29,Железяки,475,6,24,,,,,,,,,,,,,,,,
Железный рабочий стол,892,1,"0,001779359431",1,562,,,,,,Лист железа,1473,5,74,Железяки,475,8,24,,,,,,,,,,,,,,,,,,,,,,,,
Железный шкафчик,898,1,"0,001779359431",1,562,,,,,,Лист железа,1473,5,74,Железяки,475,8,24,,,,,,,,,,,,,,,,,,,,,,,,
Металлический стул,875,1,"0,001628664495",1,614,,,,,,Лист железа,1473,2,74,Труба,538,4,74,Короткая труба,1681,2,37,Железяки,475,4,24,,,,,,,,,,,,,,,,
Металлический столик,886,1,"0,001572327044",1,636,,,,,,Лист железа,1473,2,74,Труба,538,4,74,Железяки,475,8,24,,,,,,,,,,,,,,,,,,,,
Металлический столик овальной формы,887,1,"0,001572327044",1,636,,,,,,Лист железа,1473,2,74,Труба,538,4,74,Железяки,475,8,24,,,,,,,,,,,,,,,,,,,,
Металлический стол,889,1,"0,001572327044",1,636,,,,,,Лист железа,1473,2,74,Труба,538,4,74,Железяки,475,8,24,,,,,,,,,,,,,,,,,,,,
Компостная ванна,1646,1,"0,001572327044",1,636,,,,,,Лист железа,1473,6,74,Железяки,475,8,24,,,,,,,,,,,,,,,,,,,,,,,,
Железный контейнер,1650,1,"0,001572327044",1,636,,,,,,Лист железа,1473,6,74,Железяки,475,8,24,,,,,,,,,,,,,,,,,,,,,,,,
Простенькая кровать,880,1,"0,00146627566",1,682,,,,,,Матрас,878,1,40,Доска,1425,8,2,Труба,538,4,74,Гвозди,1729,10,3,Ткань,572,20,15,,,,,,,,,,,,
Двойная кровать,879,1,"0,001445086705",1,692,,,,,,Матрас,878,1,40,Доска,1425,10,2,Труба,538,4,74,Гвозди,1729,12,3,Ткань,572,20,15,,,,,,,,,,,,
Армейская кровать,844,1,"0,001338688086",1,747,,,,,,Простой спальный мешок.,877,1,40,Лист железа,1473,4,74,Труба,538,4,74,Ткань,572,6,15,Нить,1325,5,5,,,,,,,,,,,,
Доменная печь,1834,1,"0,001324503311",1,755,,,,,,Кирпич,1480,20,1,Глина,1467,5,1,Железный брус,1474,5,36,Лист цветмета,15086,5,110,,,,,,,,,,,,,,,,
Вендинговый аппарат Малый,607,1,"0,001207729469",1,828,,,,,,Лист железа,1473,4,74,Железяки,475,8,24,Примитивная плата,55,1,125,Электронные детали,15090,8,15,Энергоячейка,38,5,19,,,,,,,,,,,,
Металлический стол с покрытием,890,1,"0,00113507378",1,881,,,,,,Металлический стол,889,1,246,Стальная пластина,1477,2,225,Набор красок,829,1,185,,,,,,,,,,,,,,,,,,,,
Патронный верстак,1835,1,"0,001025641026",1,975,,,,,,Самодельный рабочий стол,1848,1,196,Станок для снаряжения патронов,1780,1,137,Стальные заготовки,1475,6,75,Железяки,475,8,24,,,,,,,,,,,,,,,,
Вендинговый аппарат Нюкабро,567,1,"0,0009514747859",1,1051,,,,,,Лист железа,1473,6,74,Железяки,475,8,24,Микросхемы,377,1,200,Электронные детали,15090,8,15,Энергоячейка,38,5,19,,,,,,,,,,,,
Пульт,1538,1,"0,0009407337723",1,1063,,,,,,Микросхемы,377,2,200,Лист железа,1473,1,74,Моток медной проволоки,15087,1,62,Радиодетали,356,3,49,Примитивная плата,55,3,125,Мусор,98,1,5,Энергоячейка,38,5,19,Электронные детали,15090,3,15
Верстак,157,1,"0,0009157509158",1,1092,,,,,,Самодельный рабочий стол,1848,1,196,Лист железа,1473,4,74,Стальные заготовки,1475,8,75,,,,,,,,,,,,,,,,,,,,
Ошейник,1536,1,"0,0008912655971",1,1122,,,,,,Энергоячейка,38,10,19,Микросхемы,377,2,200,Железяки,475,4,24,Стальные заготовки,1475,4,75,Лист железа,1473,1,74,Моток медной проволоки,15087,1,62,Радиодетали,356,2,49,Электронные детали,15090,3,15
Дистанционный Детонатор,222,1,"0,000823723229",1,1214,,,,,,Микросхемы,377,3,200,Лист железа,1473,1,74,Моток медной проволоки,15087,1,62,Радиодетали,356,2,49,Примитивная плата,55,3,125,Мусор,98,1,5,Энергоячейка,38,5,19,Электронные детали,15090,3,15
Рабочий стол,891,1,"0,0007593014427",1,1317,,,,,,Стальная пластина,1477,5,225,Железяки,475,8,24,,,,,,,,,,,,,,,,,,,,,,,,
Шкафчик,1333,1,"0,0007593014427",1,1317,,,,,,Стальная пластина,1477,5,225,Железяки,475,8,24,,,,,,,,,,,,,,,,,,,,,,,,
Контейнер,1657,1,"0,0006485084306",1,1542,,,,,,Стальная пластина,1477,6,225,Железяки,475,8,24,,,,,,,,,,,,,,,,,,,,,,,,
Роскошная кровать,883,1,"0,000634115409",1,1577,,,,,,Плотная шкура,15080,4,250,Доска,1425,10,2,Труба,538,4,74,Гвозди,1729,12,3,Ткань,572,15,15,,,,,,,,,,,,
Ледник,43,1,"0,0005810575247",1,1721,,,,,,Самодельный конденсатор,422,2,303,Лист цветмета,15086,2,110,Стальные заготовки,1475,4,75,Энергоячейка,38,10,19,Охладительный элемент,1504,1,405,,,,,,,,,,,,
Вендинговый аппарат Нюк-кола,570,1,"0,0004413062665",1,2266,,,,,,Лист железа,1473,6,74,Железяки,475,8,24,Микросхемы,377,1,200,Электронные детали,15090,8,15,Охладительный элемент,1504,3,405,Энергоячейка,38,5,19,,,,,,,,
Самогонный аппарат,813,1,"0,0004003202562",1,2498,,,,,,Стальная пластина,1477,8,225,Стальные заготовки,1475,4,75,Короткая труба,1681,4,37,Лист цветмета,15086,2,110,Мусор,98,6,5,,,,,,,,,,,,
Вендинговый аппарат Большой,604,1,"0,0002511300854",1,3982,,,,,,Стальная пластина,1477,6,225,Железяки,475,8,24,Микросхемы,377,1,200,Электронные детали,15090,8,15,Охладительный элемент,1504,5,405,Энергоячейка,38,5,19,,,,,,,,
Вендинговый аппарат Холодильный,605,1,"0,0002511300854",1,3982,,,,,,Стальная пластина,1477,6,225,Железяки,475,8,24,Микросхемы,377,1,200,Электронные детали,15090,8,15,Охладительный элемент,1504,5,405,Энергоячейка,38,5,19,,,,,,,,
Шип,12010,20,,1,0,,,,,,Шип растения,365,20,0,,,,,,,,,,,,,,,,,,,,,,,,,,,,
Присадка для стали,1820,1,,50,0,,,,,,Минеральная пыль,22066,1,0,Угольная крошка,3866,1,0,,,,,,,,,,,,,,,,,,,,,,,,